,0
"""AUSTRIA,NIEDERNEUKIRCHEN,4491""
","48.1637517,14.3385399"
"""TURKEY,ORHANGAZI - BURSA,16801""
","40.438609,29.7194748"
"""GERMANY,HEIMSTETTEN,85551""
","48.1591426,11.7551851"
"""NETHERLANDS,ERMELO,3851 SK""
","52.3178971,5.6217592"
"""FRANCE,CHANAS,38150""
","45.318707,4.82183"
"""ITALY,BODIO LOMNAGO,21020""
","45.7896373,8.7512433"
"""ITALY,VIRLE PIEMONTE,10060""
","44.8626092,7.5713097"
"""ITALY,PIANCAMUNO,25050""
","45.8442967,10.1504402"
"""GERMANY,LOHMAR,53797""
","50.8601727,7.2538128"
"""PORTUGAL,EVORA,7006-801""
","38.5577354,-7.9262612"
"""ITALY,CASTEL GOFFREDO,46042""
","45.2989404,10.4767787"
"""ITALY,BRESCIA,25135""
","45.5212817,10.2813804"
"""UNITED KINGDOM,LINCOLN,LN6 7QY""
","53.2092485,-0.5748751"
"""ITALY,SOMMARIVA PERNO,12040""
","44.7504991,7.8948311"
"""ITALY,CASTRONNO,21040""
","45.7477175,8.8119097"
"""ITALY,CASCINE VICA -RIVOLI,10090""
","45.0699446,7.5404307"
"""ITALY,OSTERIA GRANDE,40060""
","44.4286079,11.5208433"
"""POLAND,PLOCK,09-400""
","52.5403442,19.7064657"
"""ITALY,CENTO,44042""
","44.7315319,11.2908156"
"""NETHERLANDS,RIDDERKERK,2983 BR""
","51.887401,4.6062573"
"""SPAIN,LINARS DEL VALLES,8450""
","41.6393228,2.4000544"
"""ITALY,NERVIANO,20014""
","45.5535751,8.9706224"
"""GERMANY,HATTINGEN,45527""
","51.3828346,7.2097807"
"""UNITED KINGDOM,PLYMOUTH,PL5 2SA""
","50.4227116,-4.1913558"
"""ITALY,FABBRICO,42042""
","44.8704336,10.809467"
"""UNITED KINGDOM,HULL,HU8 8BT""
","53.7603534,-0.3299185"
"""ITALY,FORLI,47100""
","44.231478,12.0180168"
"""BELGIUM,MEULEBEKE,8760""
","50.9506,3.28637"
"""ITALY,NIBBIOLA,28070""
","45.3733311,8.661037"
"""POLAND,MODLNICZKA,32-085""
","50.1077906,19.845077"
"""BELGIUM,NOORDERWIJK-HERENTALS,2200""
","51.1393923,4.8388348"
"""ITALY,SANT'ANTONIO-PAVULLO,41026""
","44.3705084,10.8351675"
"""FRANCE,TOULOUSE CEDEX,31027""
","47.785421,-3.2602564"
"""FRANCE,VALFRAMBERT,61250""
","48.463098,0.108236"
"""ITALY,MONTONE,6014""
","43.9601332,12.5752291"
"""BULGARIA,KARDJALI,6600""
","41.6419986,25.3690202"
"""DENMARK,RODEKRO,6230""
","55.072687,9.329015"
"""GERMANY,HAMBURG,21107""
","53.4998604,9.9735576"
"""CZECH REPUBLIC,VYSOKE MYTO,566 01""
","49.9542636,16.1641685"
"""FRANCE,CROIX,59170""
","50.6758613,3.1492001"
"""POLAND,BIALYSTOK,15-399""
","53.1161308,23.1236791"
"""SWEDEN,SOLVESBORG,29402""
","56.0526688,14.5853386"
"""TURKEY,ANKARA,6935""
","41.0082975,29.2139531"
"""GERMANY,WIPPERFÜRTH,51688""
","51.1027282,7.397241"
"""ITALY,BUCCINASCO,20090""
","45.4210273,9.1196107"
"""POLAND,BOZEPOLE WIELKIE,84-214""
","54.5878828,17.9747548"
"""ITALY,ALBANO SANT ALESSANDRO,14057""
","45.6817582,9.7681119"
"""ITALY,QUATTORDIO,15028""
","44.8980382,8.4059018"
"""GERMANY,GMUND-AM TEGERNSEE,83703""
","47.750651,11.7370649"
"""ITALY,FABBRICO - REGGIO EMILIA,42042""
","44.8704336,10.809467"
"""ITALY,LUMEZZANE S S,25065""
","45.6474809,10.2654082"
"""ITALY,MONDOVI,12084""
","44.3953434,7.8196709"
"""ITALY,PONTIROLO NUOVO,24040""
","45.5690918,9.5700967"
"""SWEDEN,UMEÅ,90422""
","63.7776136,20.3023185"
"""ITALY,COLLEGNO,10093""
","45.0787054,7.566241"
"""ITALY,SCHIO,36015""
","45.7170517,11.3597702"
"""ITALY,CASTELNUOVO CALCEA,14040""
","44.7841521,8.2828729"
"""CZECH REPUBLIC,VELKÁ BÍTEŠ ,59501""
","49.2886269,16.2258566"
"""ITALY,ROLO,42047""
","44.8868956,10.8564626"
"""ITALY,CASALECCHIO DI RENO,40033""
","44.4782469,11.2773797"
"""FRANCE,BONDY,93147""
","46.3410256,4.9979479"
"""ITALY,UMBERTIDE,6019""
","41.8743432,12.5326258"
"""CZECH REPUBLIC,CHRUDIM,537 01""
","49.956877,15.7892366"
"""TURKEY,PENDIK,34903""
","40.8634922,29.2930875"
"""UNITED KINGDOM,STROUD,GL6 9BH""
","51.7143899,-2.152626"
"""ITALY,ODOLO,25076""
","45.6465477,10.3875607"
"""UNITED KINGDOM,LEIGHTON BUZZARD,LU7 4TZ""
","51.908937,-0.6545161"
"""ITALY,CAVENAGO DI BRIANZA,20040""
","45.5847765,9.4152832"
"""BELGIUM,SCHOTEN,2900""
","51.2497532,4.4977063"
"""FRANCE,RUNGIS CEDEX,94523""
","48.7700431,2.3507335"
"""ITALY,LUSIGLIE,10080""
","45.3183214,7.76541"
"""UNITED KINGDOM,WARLEY,B64 6QB""
","51.5901083,0.3072056"
"""ITALY,BARI MODUGNO,70123""
","41.1218456,16.8561884"
"""AUSTRIA,PASCHING,4061""
","48.2591244,14.2045561"
"""ITALY,SUELLO,23867""
","45.8189743,9.3088649"
"""ITALY,TREZZANO SUL NAVIGLIO,20090""
","45.4256331,9.0608615"
"""UNITED KINGDOM,BRIDLINGTON,YO16 4SJ""
","54.0794489,-0.2115345"
"""ITALY,MANOPPELLO SCALO,65025""
","42.3070823,14.0617605"
"""GERMANY,NEUBRANDENBURG,17033""
","53.5329275,13.2623187"
"""ITALY,CASALOLDO,46040""
","45.2543995,10.4734069"
"""ITALY,COGOZZO DI VILLA CARCINA,25060""
","45.6437354,10.1954282"
"""FRANCE,BESANCON,25000""
","47.237829,6.0240539"
"""ITALY,LURANO,24050""
","45.5680797,9.640497"
"""ITALY,VILLASTELLONE,10029""
","44.9157009,7.7345796"
"""FRANCE,MOUILLERON LE CAPTIF,85000""
","46.720653,-1.459325"
"""AUSTRIA,SAINT ANDRAE WOERDERN,3423""
","48.3324498,16.1993529"
"""ITALY,MODENA,41011""
","44.6986802,10.8453459"
"""UNITED KINGDOM,COVENTRY,CV6 4AD""
","52.4343513,-1.5062508"
"""ITALY,LECCO,23900""
","45.8565698,9.3976704"
"""BELGIUM,EVERGEM,9940""
","51.141145,3.7264042"
"""CZECH REPUBLIC,PRAHA 4 - HAJE,149 00""
","50.0362242,14.5280003"
"""GERMANY,SCHROBENHAUSEN,86529""
","48.5629444,11.2322974"
"""ITALY,BAGNOLO MELLA,25021""
","45.4296229,10.1860514"
"""ITALY,PASSIRANO,25050""
","45.5996034,10.0627657"
"""ITALY,BRESCIA,25100""
","45.5325298,10.2129212"
"""ITALY,SAN GIORGIO CANAVESE,10090""
","45.3357725,7.7952323"
"""ITALY,CARIGNANO,10041""
","44.9059457,7.6774514"
"""NETHERLANDS,SLIEDRECHT,3361 GN""
","51.8256535,4.7367509"
"""GERMANY,LANGENAU,89129""
","48.4972762,10.1224468"
"""ITALY,RIVARA,10080""
","45.3336001,7.6237098"
"""NETHERLANDS,NL SCHIPHOL- RIJK,1119""
","52.2843124,4.7576139"
"""FRANCE,TREFFORT,1370""
","44.9484102,5.7183424"
"""ITALY,RIVARA CANAVESE,10080""
","45.3333961,7.6275547"
"""ITALY,ODERZO,31046""
","45.7797646,12.4973111"
"""FRANCE,BELIN-BELIET,33830""
","44.493639,-0.791675"
"""FRANCE,ST PIERRE DE VARENGEVILLE,76480""
","49.504435,0.93151"
"""TURKEY,ANKARA,6930""
","40.7569781,29.9982059"
"""GERMANY,DORTMUND,44319""
","51.5375268,7.6020834"
"""ITALY,FROSSASCO,10060""
","44.9338906,7.3511099"
"""GERMANY,BIELEFELD,33649""
","51.977755,8.4602772"
"""NETHERLANDS,ETTEN LEUR,4879 NB""
","51.561193,4.6016338"
"""FRANCE,CORMELLES LE ROYAL,14123""
","49.154862,-0.332445"
"""GERMANY,BONN,53229""
","50.7454941,7.1648955"
"""ITALY,CHIETI SCALO,66100""
","42.363681,14.140702"
"""GERMANY,BADEN-BADEN,76532""
","48.7995549,8.209163"
"""GERMANY,BINGEN,55411""
","49.9437022,7.9225329"
"""UNITED KINGDOM,ASHFORD,TN23 1EL""
","51.1491951,0.8540013"
"""SLOVENIA,SEMPETER PRI GORICI,5290""
","45.9283576,13.6400285"
"""ITALY,TERAMO,64100""
","42.6611431,13.6986639"
"""CZECH REPUBLIC,KLASTEREC NAD OHRI,431 51""
","50.3844613,13.1712929"
"""UNITED KINGDOM,LINCOLN,LN6 7AF""
","53.2257099,-0.5526077"
"""UNITED KINGDOM,BIRMINGHAM,B24 8TA""
","52.5077128,-1.8456833"
"""GERMANY,BLOMESCHE WILDNIS,25348""
","53.8056201,9.4508172"
"""GERMANY,SAINT WENDEL,66606""
","49.4491481,7.1621763"
"""CZECH REPUBLIC,ROZNOV POD RADHOSTEM,756 61""
","49.4585261,18.1430308"
"""BELGIUM,RUDDERVOORDE,8020""
","51.095941,3.2065193"
"""ITALY,PERO,20016""
","45.5101398,9.08468"
"""GERMANY,ALPEN,46519""
","51.5996924,6.4805701"
"""FRANCE,ANNONAY,7104""
","45.2129899,4.3490434"
"""FRANCE,SAINT OUEN L'AUMONE,95310""
","49.0469775,2.1288621"
"""TURKEY,TUZLA,34956""
","40.8982305,29.3598782"
"""ITALY,VEDUGGIO CON COLZANO,20050""
","45.7347031,9.2698629"
"""SPAIN,MOTILLA,16200""
","39.560102,-1.9119386"
"""BELGIUM,KACHTEM,8870""
","50.9318824,3.1924033"
"""UNITED KINGDOM,EXETER,EX5 2DX""
","50.7424459,-3.4233304"
"""ITALY,MOLINETTO DI MAZZANO,25080""
","45.504138,10.3632169"
"""ITALY,S GILLIO,10040""
","45.142067,7.5317472"
"""TURKEY,MALTEPE,""
","40.9498022,29.1739513"
"""GERMANY,OBERBOIHINGEN,72644""
","48.6480295,9.366719"
"""FRANCE,MAROLLES,51300""
","48.720344,4.62325"
"""GERMANY,HOF,95030""
","50.31651,11.8687211"
"""ITALY,SAN BENIGNO CANAVESE,10080""
","45.232281,7.7760903"
"""ITALY,LEMIGNANO DI COLLECCHIO,43044""
","44.7706482,10.2613523"
"""FRANCE,CHEVILLY,45520""
","48.029027,1.874334"
"""GERMANY,HAMBURG,22045""
","53.5853131,10.1260105"
"""TURKEY,ESKISEHIR,26550""
","39.8280355,30.3089541"
"""ITALY,COLOGNE,25033""
","45.5774872,9.9390689"
"""UNITED KINGDOM,LINCOLN,LN5 9RT""
","53.1641474,-0.5429223"
"""UNITED KINGDOM,OXFORD,OX5 1HX""
","51.8302658,-1.3050908"
"""ITALY,SCANZOROSCIATE,24020""
","45.7099321,9.7388449"
"""FRANCE,SAINT VICTOR,3410""
","44.051249,2.8299679"
"""ITALY,TORINO,10137""
","45.0382378,7.6201529"
"""ITALY,STORO,38089""
","45.8482451,10.5790256"
"""ITALY,CODISOTTO DI LUZZARA,42045""
","44.983634,10.7300508"
"""ITALY,SPECCHIA,73040""
","39.9411672,18.2999958"
"""ITALY,CADELBOSCO SOPRA,42023""
","44.7624058,10.6003865"
"""GERMANY,DETTINGEN AN DER ERMS,72581""
","48.5306773,9.3451361"
"""FRANCE,SAINT BRICE EN COGLES,35460""
","48.411428,-1.365536"
"""GERMANY,OEHRINGEN,74613""
","49.2067155,9.5200572"
"""FRANCE,BOULIEU-LES-ANNONAY,7100""
","45.2638269,4.6685401"
"""FRANCE,ARNAS,69400""
","46.024607,4.706269"
"""UNITED KINGDOM,COULSDON,CR5 2HT""
","51.3197051,-0.1340423"
"""GERMANY,RASTATT,76437""
","48.862603,8.1769679"
"""BELGIUM,JABBEKE,8490""
","51.1908146,3.0994984"
"""ITALY,CRESPELLANO,40010""
","44.5115181,11.1284822"
"""FRANCE,COLMAR,68000""
","48.0927988,7.3704603"
"""GERMANY,SCHWERTE,58239""
","51.4289295,7.5656315"
"""FRANCE,SAINT DIZIER,52100""
","48.637692,4.947418"
"""UNITED KINGDOM,EXETER,EX5 2UL""
","50.7296637,-3.4087593"
"""UNITED KINGDOM,BURGESS HILL,RH159TN""
","50.9567383,-0.132309"
"""ITALY,PORDENONE,33170""
","45.9626398,12.6551362"
"""CZECH REPUBLIC,KUNOVICE,606 04""
","49.0449876,17.4701145"
"""GERMANY,MUELHEIM,45468""
","51.4262774,6.8826847"
"""BELGIUM,GULLEGEM,8560""
","50.8447689,3.1989718"
"""GERMANY,SCHORNDORF,73614""
","48.778341,9.5310295"
"""CHINA,DONGGUAN,523935""
","22.7694718,113.7064467"
"""ITALY,INVERIGO,22044""
","45.7355963,9.2307393"
"""POLAND,BIELSKO-BIALA,43-300""
","49.8223768,19.0583845"
"""FRANCE,ROULLOURS,14500""
","48.832255,-0.83744"
"""ITALY,ANZANO DEL PARCO,22040""
","45.7697037,9.1976091"
"""ITALY,MONTECCHIO EMILIA,42027""
","44.6984016,10.4485047"
"""ITALY,CADRIANO DI GRANAROLO,40057""
","44.5500241,11.3938352"
"""ITALY,CALDAROLA,62020""
","43.1397867,13.2247461"
"""ITALY,OTTAVIANO,80044""
","40.8388939,14.4781532"
"""ITALY,TREPUZZI,73019""
","40.4043909,18.0715923"
"""UNITED KINGDOM,WELLINGBOROUGH,NN8 6AQ""
","52.3061531,-0.7372881"
"""HUNGARY,PESCELY-UNGARN,8245""
","46.0743913,18.2365326"
"""ITALY,FARAGERA D'ADDA,24045""
","45.5565185,9.534498"
"""ITALY,GREZZAGO,20056""
","45.5903246,9.4938926"
"""ITALY,SAN CARLO CANAVESE,10070""
","45.2486115,7.6102458"
"""ITALY,SANTENA,10026""
","44.9500682,7.773334"
"""POLAND,SKAWINA,32-050""
","49.9751815,19.8288749"
"""SLOVAKIA,SENEC,903 01""
","48.2170352,17.4061427"
"""ITALY,FIORENZUOLA D'ARDA,29017""
","44.9278495,9.9131456"
"""AUSTRIA,WELS,4601""
","48.155907,14.012839"
"""FRANCE,ST-LEGER SOUS CHOLET,49280""
","47.092058,-0.910353"
"""ITALY,NONANTOLA,41015""
","44.6788747,11.0411597"
"""FRANCE,BREBIERES,62117""
","50.337334,3.022342"
"""GERMANY,ROSENHEIM,83026""
","47.8298923,12.0915279"
"""GERMANY,WIPPERFURTH,51688""
","51.1027282,7.397241"
"""ITALY,ALBAVILLA,22031""
","45.8029324,9.1880262"
"""UNITED KINGDOM,BOSTON,PE21 7FP""
","52.9639411,-0.0198828"
"""FRANCE,COLOMBIER FONTAINE,25260""
","47.454012,6.689133"
"""ITALY,S NICOLO ROTTOFRENO,29010""
","45.0521767,9.6081844"
"""BELGIUM,ZEEBRUGGE,8380""
","51.3135479,3.2124426"
"""GERMANY,KREUZTAL,57223""
","50.9803101,7.9795468"
"""ITALY,PANCALIERI,10060""
","44.8328463,7.5899962"
"""ITALY,BELLUSCO,20040""
","45.6146941,9.4120297"
"""AUSTRIA,DIETACH,4407""
","48.0798676,14.4275304"
"""SPAIN,SANT JUST DESVERN,8960""
","41.3693262,2.0742688"
"""GERMANY,ASCHAFFENBURG,63741""
","49.9951707,9.115508"
"""GERMANY,ÖHRINGEN,74613""
","49.2067155,9.5200572"
"""ITALY,ROMANORE DI BORGOFORTE,46030""
","45.0709507,10.7613861"
"""SPAIN,CADRETE,50420""
","41.5553673,-0.9611608"
"""ITALY,CASTEGNATO,25045""
","45.5635713,10.1152705"
"""AUSTRIA,PURGSTALL,3251""
","48.0575699,15.140182"
"""FRANCE,LA FERTE SAINT AUBIN,45240""
","47.720027,1.941008"
"""UNITED KINGDOM,EASTFIELD SCARBOROUGH,YO11 3UT""
","54.2373904,-0.4186612"
"""UNITED KINGDOM,GATESHEAD,NE11 0JX""
","54.9393807,-1.622113"
"""TURKEY,ISTANBUL,34150""
","41.01212,28.9739006"
"""ITALY,MIGNANO MONTELUNGO,81049""
","41.3934178,13.9851303"
"""GERMANY,AUERBACH,91275""
","49.6918411,11.6287208"
"""POLAND,MAZANCOWICE,43391""
","49.8523997,18.9976855"
"""ITALY,MONTALE,29100""
","43.9352446,11.0100212"
"""FRANCE,BRIEY CEDEX,54153""
","49.2630058,5.9291577"
"""SWEDEN,KVAENUM,535 92""
","58.3060222,13.1057568"
"""ITALY,ROVEREDO IN PIANO,33080""
","46.0102541,12.6198605"
"""ITALY,BEINASCO,10092""
","45.0215757,7.582149"
"""ITALY,CESENA,47522""
","44.1396438,12.2464292"
"""ITALY,GONZAGA,46023""
","44.9525147,10.8227418"
"""GERMANY,GAERTINGEN,71116""
","48.641586,8.9029165"
"""UNITED KINGDOM,IPSWICH SUFFOLK,IP3 9RR""
","52.0292835,1.2110814"
"""GERMANY,KREFELD,47809""
","51.3317165,6.6500224"
"""ITALY,TORINO,10151""
","45.1053146,7.6353317"
"""UNITED KINGDOM,RUNCORN,WA7 3DT""
","53.3280739,-2.6852573"
"""UNITED KINGDOM,TILBURY,RM18 7HY""
","51.463024,0.360498"
"""BELGIUM,KAPELLEN,2950""
","51.3361728,4.4481538"
"""FRANCE,SARCELLES,95500""
","48.988513,2.444237"
"""BELGIUM,OOSTNIEUWKERKE,8840""
","50.9423778,3.0642828"
"""GERMANY,SCHWEINFURT,97424""
","50.0384109,10.2066168"
"""FRANCE,LAGNY LE SEC,60330""
","49.0873758,2.7441499"
"""ITALY,FORNOVO DI TARO,43045""
","44.6729547,10.1114152"
"""GERMANY,ISMANING,85737""
","48.2320646,11.7067787"
"""ITALY,CASTELMAGGIORE,40013""
","44.5751652,11.3637308"
"""UNITED KINGDOM,TORFAEN,NP4 0JJ""
","51.694324,-3.0283833"
"""BELGIUM,AALST,9300""
","50.9373401,4.041093"
"""FRANCE,MISSILLAC,44780""
","47.4774258,-2.1800556"
"""FRANCE,SAINT PIERRE DE VARENGEVI,76480""
","49.504435,0.93151"
"""FRANCE,VALENCE,26000""
","44.933393,4.89236"
"""CZECH REPUBLIC,OTROKOVICE,76502""
","49.207755,17.5296042"
"""ITALY,OSTIGLIA,46035""
","45.0821346,11.1607204"
"""ITALY,CALEPPIO DI SETTALA,20090""
","45.4353801,9.3808294"
"""ITALY,TORRAZZA PIEMONTE,10037""
","45.2157918,7.9715743"
"""SWEDEN,KRISTIANSTAD,291 09""
","56.0059989,14.1045377"
"""GERMANY,STEMWEDE,32351""
","52.4204498,8.4766635"
"""ITALY,PARMA ,43100""
","44.7958653,10.3276243"
"""TURKEY,OVAAKCA BURSA,16335""
","40.3012357,29.066357"
"""ITALY,QUISTELLO,46026""
","45.0024494,11.0100239"
"""UNITED KINGDOM,NEWTON AYCLIFFE,DL5 6EJ""
","54.612348,-1.5802448"
"""FRANCE,LE PLESSIS BELLEVILLE,60330""
","49.100689,2.755865"
"""ITALY,MONTEBELLUNA,31044""
","45.775491,12.0439904"
"""ITALY,PIACENZA,29100""
","45.0589228,9.6587942"
"""GERMANY,HAUSACH,77756""
","48.2831556,8.173212"
"""BELGIUM,HAMME,9220""
","51.090201,4.1402689"
"""TURKEY,TORBALI,35875""
","38.2564741,27.3263893"
"""GERMANY,DILLENBURG,35683""
","50.7445501,8.2799788"
"""GERMANY,WILHELMSHAVEN,26389""
","53.5186109,8.0754004"
"""GERMANY,REMSCHEID,42857""
","51.1677605,7.1621552"
"""UNITED KINGDOM,SOUTH WOODHAM FERRERS,CM3 5UQ""
","51.650998,0.6200823"
"""NETHERLANDS,GOOR,NL-7471 EW""
","52.2427344,6.5795424"
"""IRELAND,TRALEE,-""
","52.2713096,-9.6999325"
"""AUSTRIA,SAINT ANDRAE-WOERDERN,3423""
","48.3324498,16.1993529"
"""GERMANY,KARBEN,61184""
","50.2341967,8.7724716"
"""GERMANY,NEU-ULM,89231""
","48.3735527,10.0102206"
"""FRANCE,JOUE LES TOURS,37304""
","47.3445103,0.6691477"
"""ITALY,TREDOZIO,47019""
","44.0861225,11.748412"
"""GERMANY,WERDOHL,58791""
","51.2475193,7.7588258"
"""ITALY,LOCALITÀ INCORONATA,71100""
","41.4235755,15.0463599"
"""AUSTRIA,KRONSTORF,4484""
","48.1420604,14.4642306"
"""ITALY,GESSATE,20062""
","45.5452872,9.4366251"
"""GERMANY,MECKENHEIM,53340""
","50.6258878,7.0319507"
"""GERMANY,ERGERSHEIM,91465""
","49.5107372,10.3279599"
"""ITALY,ROMANO DI LOMBARDIA,24058""
","45.5210652,9.7550117"
"""ITALY,ALMISANO,36045""
","45.4198887,11.3729411"
"""POLAND,SLUPSK,76-200""
","54.464148,17.0284824"
"""POLAND,STAROGARD GDANSKI,83-200""
","53.9656066,18.4707546"
"""ITALY,BAGNOLO SAN VITO,46031""
","45.0923033,10.8781066"
"""GERMANY,SULZBACH,66280""
","49.3022275,7.0621814"
"""BELGIUM,LANAKEN,3620""
","50.8919602,5.6398572"
"""SPAIN,ALCALA DE HENARES,28806""
","40.5134295,-3.4094629"
"""ITALY,MILANO,20052""
","45.5765397,9.5323852"
"""ITALY,BOSISIO PARINI,23842""
","45.7970313,9.2978583"
"""ITALY,CERRO AL LAMBRO,20077""
","45.3544488,9.3254568"
"""FRANCE,VRIGNE AUX BOIS,8330""
","49.7610942,4.837834"
"""BELGIUM,ARDOOIE,8850""
","50.979065,3.1988027"
"""GERMANY,ESSEN,45143""
","51.4627921,6.9787572"
"""GERMANY,HALLE,33790""
","52.03598,8.3172114"
"""SPAIN,ALBACETE,2140""
","38.5744522,-2.6283866"
"""ITALY,BIBBIANO,42021""
","44.6641641,10.4735892"
"""GERMANY,UNNA,59425""
","51.5521918,7.7013158"
"""ITALY,CUORGNE,10082""
","45.391341,7.650233"
"""ITALY,CAMPIGLIONE FENILE,10060""
","44.8072623,7.3244654"
"""FRANCE,LORETTE,42420""
","45.508725,4.581694"
"""GERMANY,LUCKENWALDE,14943""
","52.0818855,13.177061"
"""ITALY,PARATICO,25030""
","45.662001,9.9565226"
"""SPAIN,SAN FERNANDO DE HENARES,28830""
","40.4290529,-3.5104537"
"""ITALY,CORIO,10070""
","45.3117416,7.5334354"
"""UNITED STATES,MOSINEE,54455""
","44.7930232,-89.7031784"
"""ITALY,TORINO,10127""
","45.0214756,7.660209"
"""FRANCE,HAYBES SUR MEUSE,8170""
","50.0021915,4.7074919"
"""ITALY,CASTELMELLA,25030""
","45.4960787,10.1441602"
"""ITALY,NIBBIA,28060""
","45.4868195,8.5561393"
"""GERMANY,FILDERSTADT,70794""
","48.6628873,9.2094818"
"""ITALY,SANT'AGATA FELTRIA,47866""
","43.8638203,12.2112152"
"""UNITED KINGDOM,WITNEY,OX28 4BP""
","51.7775946,-1.4828931"
"""NETHERLANDS,DIEMEN,1112 AV""
","52.3325543,4.9666897"
"""ITALY,RENATE BRIANZA,20838""
","45.7266863,9.2824692"
"""ITALY,GENOVA,16154""
","44.4387432,8.8307626"
"""GERMANY,VILLINGEN-SCHWENNINGEN,78052""
","48.0410653,8.4109794"
"""GERMANY,WUPPERTAL,42279""
","51.2965912,7.2409927"
"""PORTUGAL,PORTALEGRE,7300-058""
","39.2628106,-7.4346667"
"""GERMANY,KERPEN,50169""
","50.8754649,6.7381124"
"""UNITED KINGDOM,ALTON, HAMPSHIRE,GU34 2QG""
","51.1335202,-0.9819824"
"""CZECH REPUBLIC,DACICE,380 17""
","49.075956,15.4314891"
"""FRANCE,MORIGNY CHAMPIGNY ETAMPES,91150""
","48.4381946,2.1774795"
"""FRANCE,CHAMPAGNE,7340""
","47.6289109,-0.4548955"
"""GERMANY,LIMBACH-OBERFROHNA,9212""
","50.8520591,12.7512425"
"""ITALY,BOLOGNA,40131""
","44.5252796,11.3261664"
"""GERMANY,ENDINGEN A.K,79346""
","48.1327914,7.673796"
"""NETHERLANDS,ALMERE,1314 AL""
","52.3811428,5.2119796"
"""BELGIUM,AARTSELAAR,2630""
","51.1340539,4.3844742"
"""GERMANY,WETTER,58300""
","51.3785418,7.3632022"
"""ITALY,CASCINE VICA - RIVOLI,10090""
","45.0699446,7.5404307"
"""GERMANY,LANGENHAGEN,30855""
","52.4879267,9.6900251"
"""ITALY,AIRASCA,10060""
","44.9182892,7.4856624"
"""FRANCE,MEYZIEU,69330""
","45.766821,5.003658"
"""ITALY,LAINATE,2020""
","45.5427416,9.0329893"
"""FRANCE,TOULAUD,7130""
","44.6739788,4.619363"
"""GERMANY,HORB,72160""
","48.4544359,8.6481543"
"""ITALY,TERRUGGIA,15030""
","45.0824039,8.4446473"
"""UNITED KINGDOM,HAVANT,PO9 2NB""
","50.8658899,-0.9671372"
"""ITALY,CASTEL SAN PIETRO TERME,40024""
","44.3996931,11.5891279"
"""BELGIUM,SINT-TRUIDEN,3800""
","50.8019192,5.2202655"
"""GERMANY,KASSEL,34123""
","51.3011458,9.5253672"
"""UNITED KINGDOM,BROUGH,HU15 1EG""
","53.7254276,-0.5792154"
"""BELGIUM,DESTELDONK,9042""
","51.1220868,3.7825691"
"""GERMANY,SELM,59379""
","51.6774905,7.4837764"
"""CZECH REPUBLIC,BELOTIN,753 64""
","49.5912004,17.8065479"
"""ITALY,OSIO SOTTO ,24046""
","45.6130227,9.5873327"
"""POLAND,MYSLOWICE,41-409""
","50.1785278,19.1724233"
"""ITALY,SOZZIGALLI DI SOLIERA,41019""
","44.7487848,10.9760089"
"""ITALY,SETTIMO MILANESE,20019""
","45.4866596,9.0567416"
"""SPAIN,ELORRIO,48230""
","43.1295589,-2.5423293"
"""UNITED KINGDOM,ROCHESTER,ME1 2XX""
","51.3571155,0.5033109"
"""GERMANY,KÖNIGSBRONN,89551""
","48.7285526,10.1112206"
"""ITALY,FRASSINORO,41044""
","44.2968338,10.5729981"
"""ITALY,RIVALTA DI TORINO,10100""
","45.056815,7.6501807"
"""GERMANY,ESSLINGEN-METTINGEN,73733""
","48.7563127,9.2985401"
"""ITALY,ROSTA,10090""
","45.0705385,7.472695"
"""FRANCE,LES HERBIERS,85500""
","46.86919,-1.013388"
"""GERMANY,ELCHINGEN,89275""
","48.4473473,10.0882187"
"""GERMANY,SINGEN,78224""
","47.7670971,8.8722387"
"""TURKEY,CATALCA ISTANBUL,34540""
","41.142259,28.457469"
"""ITALY,ARCO,38062""
","45.9178609,10.8855763"
"""ITALY,ANCONA,60131""
","43.6158299,13.518915"
"""FRANCE,SAINT-QUENTIN FALLAVIER,38070""
","45.632449,5.111562"
"""ITALY,CONSELICE,48017""
","44.5151005,11.8285289"
"""ITALY,VALPERGA,10087""
","45.3703103,7.6575696"
"""ITALY,CASTEL ROZZONE,24040""
","45.5565155,9.6238398"
"""GERMANY,ESCHWEGE,37269""
","51.1876662,10.0397725"
"""POLAND,WYSZKOW,07-200""
","52.5955808,21.451209"
"""NETHERLANDS,SLIEDRECHT,3361""
","51.8186046,4.767992"
"""ITALY,CASTELFRACO EMILIA,41013""
","44.5899674,11.0978357"
"""UNITED KINGDOM,EBBW VALE,NP23 5SD""
","51.8025906,-3.2338243"
"""ITALY,RUFFANO,73049""
","39.9829215,18.2490162"
"""LATVIA,JELGAVA,3004""
","56.6736182,23.7624455"
"""ITALY,THIENE,36016""
","45.692401,11.4839019"
"""DENMARK,HORSENS,8700""
","55.8581302,9.8475881"
"""ITALY,MONCALIERI,10024""
","44.9983525,7.6802878"
"""FRANCE,STRASBOURG,67100""
","48.5266021,7.781398"
"""FRANCE,ROOST WARENDIN,59286""
","50.415327,3.1050809"
"""ITALY,SANDRIGO,36066""
","45.6592011,11.6029356"
"""FRANCE,PONTARLIER,25300""
","46.9041039,6.354242"
"""ITALY,REGGIO EMILIA,42010""
","44.4076831,10.5633676"
"""ITALY,CASTELGUELFO DI BOLOGNA,40023""
","44.4328527,11.6750857"
"""FRANCE,BELLAC,87300""
","46.122228,1.051593"
"""FRANCE,CHAMBRAY-LES-TOURS,37170""
","47.3376625,0.7013087"
"""UNITED KINGDOM,SHIPLEY,BD17 7JR""
","53.8448367,-1.7525278"
"""ITALY,SIZIANO,27010""
","45.3174277,9.2023619"
"""ITALY,VIGOLZONE,29020""
","44.9184763,9.6699268"
"""ITALY,BARI,70026""
","41.0863651,16.7824429"
"""GERMANY,BERLIN,13597""
","52.5295796,13.2139084"
"""ITALY,SAN ZENO DI CASSOLA,36022""
","45.7458326,11.7689992"
"""BELGIUM,LEMBEEK - HALLE,1502""
","50.7140616,4.2200436"
"""POLAND,TORUN,87-100""
","53.0139427,18.5465507"
"""FRANCE,MARLY LA VILLE,95670""
","49.0798707,2.5048554"
"""FRANCE,SAINT CLAIR,7430""
","47.5283348,-1.9526763"
"""BELGIUM,WIELSBEKE,8710""
","50.9099425,3.3724874"
"""AUSTRIA,LINZ,4481""
","48.2381449,14.4191362"
"""GERMANY,KRAIBURG,84559""
","48.1847674,12.4313466"
"""GERMANY,FELLBACH,70736""
","48.8405086,9.2677632"
"""BELGIUM,WILRIJK,2610""
","51.1683102,4.3942868"
"""GERMANY,HANNOVER,30453""
","52.3723858,9.6890537"
"""FRANCE,LIMAY,78520""
","48.992181,1.735384"
"""ITALY,TORBIATO DI ADRO,25030""
","45.6115068,9.9849948"
"""ITALY,PEGOGNAGA,46020""
","44.9970333,10.8576798"
"""ITALY,ARSEGO,35010""
","45.5400744,11.8781004"
"""ITALY,CAPRIE,10040""
","45.1185608,7.3316602"
"""FRANCE,LEYMENT,1150""
","45.9041826,5.2741373"
"""FRANCE,AULNAY SOUS BOIS,93618""
","48.9318625,2.4943891"
"""ITALY,NOVARA,28100""
","45.44693,8.6221612"
"""FRANCE,CUGAND,85610""
","47.065508,-1.253343"
"""UNITED KINGDOM,BIRMINGHAM,B42 1EA""
","52.5293228,-1.9289805"
"""ITALY,DOSSO,44040""
","44.8505734,12.2974576"
"""ITALY,LUINO,21016""
","46.0018022,8.7464"
"""ITALY,JESI,60035""
","43.5270861,13.2463797"
"""GERMANY,DULMEN,48249""
","51.8579795,7.3138755"
"""GERMANY,EMPFINGEN,72186""
","48.3987529,8.7191652"
"""GERMANY,ULM-ENSINGEN,89079""
","48.3528806,9.899772"
"""UNITED KINGDOM,SHILDON,DL4 2QN""
","54.6248415,-1.639436"
"""GERMANY,NEUSS,41468""
","51.1615558,6.774529"
"""TURKEY,KIRSEHIR,40100""
","39.146078,34.1594989"
"""SPAIN,CASTELLON DE LA PLANA,12003""
","39.9837973,-0.0303198"
"""ITALY,VAIE,10050""
","45.1017944,7.2866374"
"""ITALY,VERCELLI,13048""
","45.3725355,8.2000117"
"""BELGIUM,BRUSSEL,1080""
","50.8569755,4.3193694"
"""ITALY,OSOPPO (UD),33010""
","46.2582202,13.0787992"
"""FRANCE,GEVIGNEY MERCEY,70500""
","47.798893,5.93065"
"""FRANCE,ROISSY CDG CEDEX,95933""
","49.0096906,2.5479245"
"""AUSTRIA,TAXACH BEI HALLEIN,5400""
","47.72526,13.07196"
"""POLAND,LEGNICA,59-220""
","51.20755,16.1152486"
"""GERMANY,MUDAU,69427""
","49.5327851,9.2058951"
"""ITALY,LEGNAGO,37045""
","45.1935965,11.303213"
"""ITALY,PONT CANAVESE,10085""
","45.419916,7.5972305"
"""POLAND,PLOCK,09-407""
","52.5394935,19.7071733"
"""ITALY,NOGAROLE ROCCA,37060""
","45.2938171,10.8787546"
"""ITALY,CAMBIANO,10020""
","44.9743686,7.7672538"
"""ITALY,VILLANOVA D'ASTI,14019""
","44.9422651,7.9373876"
"""ITALY,PESARO,61100""
","43.9026309,12.8597886"
"""BELGIUM,LAARNE,9270""
","51.042179,3.8751133"
"""GERMANY,PFUNGSTADT,64319""
","49.7933991,8.5829894"
"""SPAIN,ERMUA,48260""
","43.1873519,-2.5037039"
"""ITALY,OSIO SOTTO,24046""
","45.6130227,9.5873327"
"""ITALY,ROVERETO,38068""
","45.89096,11.0401399"
"""POLAND,LEGNICKIE POLE,59-241""
","51.1443537,16.2427819"
"""SPAIN,VALLADOLID,47012""
","41.6303025,-4.6915484"
"""BELGIUM,BERINGEN,3580""
","51.0473373,5.2214769"
"""AUSTRIA,BRUNN AM GEBIRGE,2345""
","48.1135005,16.3010359"
"""FRANCE,DOMENE,38420""
","45.202271,5.838336"
"""ITALY,PIOSSASCO,10045""
","44.9898305,7.4681995"
"""ITALY,STATTE,74010""
","40.5625214,17.2087909"
"""ITALY,TAURISANO,73056""
","39.9580705,18.2130205"
"""GERMANY,SCHROBENJAUSEN,86529""
","48.5629444,11.2322974"
"""GERMANY,KLETTGAU,79771""
","47.6553112,8.425007"
"""GERMANY,BUXTEHUDE,21614""
","53.4639095,9.6828348"
"""BELGIUM,ZINGEM,9750""
","50.9013625,3.6526698"
"""ITALY,PIANEZZA,10044""
","45.1104305,7.5586164"
"""POLAND,WARSZAWA,03-994""
","52.1546211,21.1839494"
"""TURKEY,TUZLA,34953""
","40.8676176,29.3366501"
"""ITALY,CIRIE,10073""
","45.2358319,7.6014933"
"""ITALY,RAVENNA,48100""
","44.4198162,12.2069978"
"""CZECH REPUBLIC,ZASTAVKA U BRNA,664 84""
","49.1879961,16.3631011"
"""ITALY,MINERBE (VR),37046""
","45.2409498,11.3295949"
"""ITALY,CASATENOVO,23880""
","45.6972083,9.3120344"
"""GERMANY,IRXLEBEN,39167""
","52.1650553,11.4855965"
"""GERMANY,MECKENBEUREN,88074""
","47.7101687,9.5765278"
"""ITALY,MANIAGO,33085""
","46.1650862,12.7065671"
"""ITALY,VALPERGA CANAVESE,10087""
","45.3817083,7.6598174"
"""ITALY,FRAZIONE MAZZO DI RHO,20017""
","45.5335225,9.0689682"
"""SLOVAKIA,POVAZSKA BYSTRICA,1701""
","49.1131198,18.447663"
"""NETHERLANDS,THOLEN,4691 SM""
","51.5420203,4.2279751"
"""FRANCE,WATTRELOS,59150""
","50.7024419,3.2221405"
"""GERMANY,MAINZ,55129""
","49.9406587,8.2607044"
"""SLOVAKIA,LOZORNO,90055""
","48.3208977,17.0711079"
"""GERMANY,BIELEFELD,33719""
","52.0199295,8.6134521"
"""UNITED KINGDOM,SUTTON,SM3 9BW""
","51.3786621,-0.2136964"
"""GERMANY,WOLFENBUETTEL,38302""
","52.175862,10.564643"
"""UNITED KINGDOM,HOUGHTON REGIS,LU5 5BF""
","51.8983898,-0.5261303"
"""UNITED KINGDOM,NORTH KIDDERMINSTER,DY10 3SD""
","52.4139264,-2.2278236"
"""TURKEY,SEKERPINAR/GEBZE/KOCAELI,41410""
","40.8491819,29.4129493"
"""ITALY,PROVAGLIO D'ISEO,25050""
","45.6341322,10.0463434"
"""ITALY,CASTEL GUELFO DI BOLOGNA,40023""
","44.4328527,11.6750857"
"""NETHERLANDS,OLDENZAAL,7570 AT""
","52.2501944,6.9153791"
"""CZECH REPUBLIC,VYSOKIE MYTO,566 01""
","49.9542636,16.1641685"
"""UNITED KINGDOM,WITNEY,OX29 0YG""
","51.7879973,-1.514539"
"""UNITED KINGDOM,WARWICK,CV34 6TF""
","52.2736619,-1.5494984"
"""ITALY,BAIRO,10010""
","45.3857766,7.7583935"
"""UNITED KINGDOM,TIPTON,DY4 8UG""
","52.5260964,-2.0511762"
"""ITALY,ASTI,14100""
","44.9007512,8.2064257"
"""FRANCE,JOUE LES TOURS,37305""
","47.3445103,0.6691477"
"""SPAIN,MADRID,28022""
","40.4419938,-3.5863313"
"""GERMANY,DUELMEN-DERNEKAMP,48249""
","51.809249,7.3105388"
"""GERMANY,ESSLINGEN,73730""
","48.7271837,9.3526316"
"""POLAND,WIECBORK,89-410""
","53.3436497,17.4773082"
"""FRANCE,VENISSIEUX CEDEX,69638""
","45.6822969,4.868556"
"""UNITED KINGDOM,IPSWICH,IP3 9RR""
","52.0292835,1.2110814"
"""ITALY,SARONNO,21047""
","45.6242491,9.0359607"
"""UNITED KINGDOM,GATESHEAD,NE10 0QD""
","54.9532935,-1.5440207"
"""GERMANY,LEMFOERDE,49448""
","52.465724,8.3759815"
"""ITALY,NOVA MILANESE,20854""
","45.5930522,9.1928311"
"""ITALY,RHO,20017""
","45.5353029,9.0551608"
"""ITALY,NUSCO,83501""
","41.891646,12.6304958"
"""UNITED KINGDOM,POOLE,BH17 0GE""
","50.7401172,-1.9762527"
"""POLAND,LUBAN SLASKI,59-800""
","51.1192902,15.293728"
"""GERMANY,VELBERT,42553""
","51.3158524,7.0987907"
"""ITALY,MILANO,20149""
","45.4731689,9.1487328"
"""ITALY,SANTA VITTORIA DI GUALTIE,42040""
","44.8544119,10.6350188"
"""ITALY,TARANTO,74100""
","40.4643606,17.2470303"
"""FRANCE,CHATELLERAULT CEDEX,86107""
","46.8179207,0.5465548"
"""FRANCE,VERTOU,44115""
","47.1956651,-1.4234966"
"""ITALY,COLLESALVETTI,57017""
","43.591616,10.354"
"""UNITED KINGDOM,BORDON,GU35 9QE""
","51.1098402,-0.8671286"
"""ITALY,BARGE,12032""
","44.7260036,7.3260545"
"""SWEDEN,DALSTORP,514 63""
","57.5993171,13.5251448"
"""GERMANY,TROISDORF,53840""
","50.8190807,7.1574549"
"""POLAND,KUTNO,99-300""
","52.230618,19.364278"
"""ITALY,MANGONE,87050""
","39.2032651,16.3342319"
"""NETHERLANDS,BOXTEL,5281 PB""
","51.575707,5.3244066"
"""FINLAND,LAITILA,23801""
","60.8667094,21.6857028"
"""HUNGARY,KUNSZENTMARTON,5440""
","46.8199734,20.3033038"
"""POLAND,LODZ,92-402""
","51.5409766,19.9709059"
"""ITALY,BUSALLA,16012""
","44.5692431,8.9461497"
"""ITALY,CARPENEDOLO,25013""
","45.3670367,10.4361617"
"""ITALY,MONTECCHIO MAGGIORE,36075""
","45.5002501,11.42131"
"""ITALY,LENO,25024""
","45.3680207,10.2178501"
"""GERMANY,HEIDELBERG,69126""
","49.3693394,8.6935081"
"""FRANCE,LE MEUX,60880""
","49.366934,2.744351"
"""GERMANY,BERLIN,13581""
","52.5299056,13.1870598"
"""FRANCE,LE HAVRE CEDEX,76061""
","48.0386685,-2.9231898"
"""GERMANY,GROSSBEEREN,14979""
","52.3687324,13.3165257"
"""GERMANY,HEILIGENHAUS,42579""
","51.3273148,6.9655959"
"""HUNGARY,VESZPREM,8200""
","47.1139486,17.9025358"
"""FRANCE,ANNEMASSE CEDEX,74130""
","46.1930725,6.2555076"
"""FRANCE,LE CHAMBON FEUGEROLLES,42500""
","45.3959766,4.3355896"
"""FRANCE,AUTECHAUX,25110""
","47.378738,6.384494"
"""ITALY,MONTORSO,36050""
","45.4879822,11.3638947"
"""ITALY,FAVRIA CANAVESE,10083""
","45.3138838,7.6858387"
"""FRANCE,MONDEVILLE,14125""
","49.1659742,-0.2920496"
"""BELGIUM,GROOT-BIJGAARDEN,1702""
","50.8719066,4.2500012"
"""POLAND,RADOM,26-600""
","51.4150656,21.1539739"
"""ITALY,MAROSTICA,36063""
","45.7459624,11.6583922"
"""GERMANY,MINDEN,32423""
","52.2937952,8.9553818"
"""FRANCE,PANNES,45700""
","48.017792,2.668507"
"""TURKEY,SEKERPINAR/CAYIROVA,41420""
","40.860199,29.388468"
"""FRANCE,FONTAINE,90150""
","47.658283,6.995466"
"""FRANCE,LE MANS,72000""
","48.0157803,0.1609266"
"""ITALY,MONTA',12046""
","44.814057,7.9542336"
"""AUSTRIA,GROSSPETERSDORF,7503""
","47.2388886,16.3179334"
"""ITALY,DRUENTO,10040""
","45.1346452,7.5765427"
"""UNITED KINGDOM,BRENTWOOD,CM13 1TB""
","51.637814,0.3570887"
"""GERMANY,FRIEDRICHSHAFEN,88045""
","47.6409837,9.4531594"
"""ITALY,MONTEVEGLIO,40050""
","44.4718457,11.1000671"
"""GERMANY,HEUSENSTAMM,63150""
","50.0496244,8.8141224"
"""UNITED KINGDOM,CHESTERFIELD,S42 5UY""
","53.1917287,-1.3588993"
"""FRANCE,ANNECY CEDEX,74009""
","45.91366,6.1347767"
"""ITALY,POIRINO,10046""
","44.9194398,7.8481961"
"""UNITED KINGDOM,WILLENHALL,WV13 3SN""
","52.5916439,-2.0790636"
"""ITALY,REGGION EMILIA,42124""
","44.6989932,10.6296859"
"""GERMANY,SAARBRUECKEN,66117""
","49.2218231,6.9608576"
"""POLAND,SKEPE,87-630""
","52.8678583,19.339809"
"""FRANCE,AULNAY BOIS,93618""
","48.9301316,2.4823265"
"""GERMANY,PASSAU,94036""
","48.5790873,13.3832805"
"""UNITED KINGDOM,LEEDS,LS14 2LA""
","53.8325013,-1.4585895"
"""ITALY,ROBASSOMERO,10070""
","45.1981211,7.5661554"
"""UNITED KINGDOM,NOTTINGHAMSHIRE,NG17 2HW""
","53.120703,-1.3085544"
"""NETHERLANDS,MOERDIJK,4782""
","51.6844433,4.6023508"
"""ITALY,S ANTONINO DI SUSA,10050""
","45.1080996,7.2695916"
"""ITALY,MERCATO SAN SEVERINO,84085""
","40.7815673,14.7527759"
"""ITALY,BERLINGO,25030""
","45.5023196,10.0315736"
"""GERMANY,SUDERBURG,29556""
","52.9,10.466667"
"""GERMANY,BAD SCHÖNBORN,76669""
","49.2131727,8.6646773"
"""ITALY,FORNO CANAVESE,10048""
","45.3356528,7.6127773"
"""CZECH REPUBLIC,HOSTIVICE,253 01""
","50.0815792,14.2585703"
"""FRANCE,ST ETIENNE DU BOIS ,1370""
","49.2809826,0.1437152"
"""FRANCE,BRIGNAIS,69530""
","45.674944,4.7525639"
"""AUSTRIA,HALLEIN,5400""
","47.6817773,13.1077881"
"""BELGIUM,BEERNEM,8730""
","51.1530821,3.3301125"
"""UNITED KINGDOM,BEAUMONT LEYS,LE4 2BN""
","52.670611,-1.169516"
"""ITALY,BIANZE',13041""
","45.308504,8.120567"
"""ITALY,SCARPERIA,50038""
","43.9937487,11.3533461"
"""GERMANY,BABENHAUSEN,64832""
","49.9513575,8.9486323"
"""FRANCE,ROSULT,59230""
","50.4588279,3.365006"
"""POLAND,GLINIANKA,05-408""
","52.1344171,21.4121868"
"""UNITED KINGDOM,POWYS,LD3 8LA""
","51.9419778,-3.4104645"
"""ITALY,CORINALDO,60013""
","43.6487972,13.049839"
"""ITALY,MONTELABBATE,61025""
","43.8497445,12.7891209"
"""GERMANY,ZSCHOPAU,9405""
","50.9815368,12.999822"
"""ITALY,ORBASSANO,10043""
","45.0057265,7.5353625"
"""GERMANY,WUPPERTAL,42351""
","51.2194638,7.313613"
"""GERMANY,NEUSTADT,1844""
","52.6203888,10.0582129"
"""ITALY,POZZO D'ADDA,20060""
","45.575929,9.5007669"
"""IRELAND,TRALEE,CO KERRY""
","52.2713096,-9.6999325"
"""POLAND,LODZ,91-210""
","51.8016128,19.3923902"
"""FRANCE,SAINT MARTIN LE BEAU,37270""
","47.355813,0.910268"
"""ITALY,MORRA DE SANCTIS,83040""
","40.9327284,15.2425333"
"""GERMANY,KREFELD-GELLEP,47809""
","51.3290313,6.6714749"
"""ITALY,PREGNANA MILANESE,20010""
","45.5182804,9.0129907"
"""ITALY,OFFANENGO,26010""
","45.3794736,9.7443909"
"""GERMANY,NEU ULM,89231""
","48.3735527,10.0102206"
"""FRANCE,NOGENT,52800""
","48.026938,5.341363"
"""UNITED KINGDOM,NORTH TYNESIDE,NE27 0YT""
","55.0343434,-1.5209884"
"""ITALY,SEGGIANO DI PIOLTELLO (MI),20096""
","45.4928275,9.3205612"
"""GERMANY,WIEHL,51674""
","50.9487426,7.5608848"
"""TURKEY,IZMIR, ALIAĞA ,35800""
","38.799561,26.97074"
"""ITALY,NOGAROLA ROCCA (VR),37060""
","45.2938171,10.8787546"
"""TURKEY,BURSA,16140""
","40.2423732,28.9470422"
"""FRANCE,GEVIGNEY,70500""
","47.8868304,5.9484976"
"""ITALY,STATTE TARANTO,74010""
","40.5625214,17.2087909"
"""ITALY,PARMA,42032""
","44.672176,10.38388"
"""ITALY,LA LOGGIA,10040""
","44.956775,7.6673332"
"""SWEDEN,RINKABY,291 76 ""
","55.9848416,14.2717326"
"""BELGIUM,ANS,4430""
","50.660213,5.5265524"
"""ITALY,CARISIO,13040""
","45.4281819,8.2160667"
"""BELGIUM,IZEGEM,8870""
","50.9180785,3.2132192"
"""FRANCE,MONDEVILLE,14120""
","49.1672469,-0.3086207"
"""ITALY,VILLANOVA D'ASTI (AT),14019""
","44.9422651,7.9373876"
"""ITALY,RIVALTA DI TORINO,10043""
","45.0092532,7.5493087"
"""GERMANY,BAD SCHUSSENRIED,88424""
","48.0065454,9.6558605"
"""AUSTRIA,BAD HALL,4540""
","48.0380697,14.2088574"
"""ITALY,TORREGLIA,35038""
","45.3351763,11.7314351"
"""ITALY,VOLVERA,10040""
","44.9523517,7.5121797"
"""GERMANY,LOHMAR,57397""
","50.6443404,7.2297077"
"""NETHERLANDS,EERSEL,5521 DZ""
","51.3733949,5.3164982"
"""FRANCE,ANGERS CEDEX,49017""
","48.8693156,2.3501981"
"""FRANCE,CHAMBERY,73000""
","45.564601,5.917781"
"""UNITED STATES,SPRINGFIELD,65807""
","37.1756964,-93.3288183"
"""GERMANY,KAUFBEUREN,87600""
","47.876303,10.6260634"
"""ITALY,ROSETO DEGLI ABRUZZI,64026""
","42.6751898,14.0160161"
"""UNITED KINGDOM,CRAMLINGTON,NE23 1WA""
","55.1026538,-1.6060313"
"""ITALY,CASSINE,15016""
","44.7521527,8.5261639"
"""ITALY,PIACENZA,2100""
","45.0589228,9.6587942"
"""BELGIUM,ROESELATE,8800""
","50.9387847,3.1451697"
"""ITALY,MONZAMBANO,46040""
","45.386839,10.693692"
"""UNITED STATES,SPRINGDALE,72762""
","36.1867442,-94.1288141"
"""SLOVAKIA,MYJAVA,90701""
","48.7803026,17.5669226"
"""ITALY,MALONNO,25040""
","46.1222475,10.3222895"
"""POLAND,NOWA DEBA,39-460""
","50.411353,21.7495585"
"""GERMANY,DAMME,49401""
","52.5242072,8.2246595"
"""ITALY,BRESCIA,25126""
","45.5414092,10.1903533"
"""ITALY,PINEROLO,10064""
","44.8845906,7.3306676"
"""CZECH REPUBLIC,TABOR,390 01""
","49.3985323,14.6576423"
"""GERMANY,ST WENDEL,66606""
","49.4491481,7.1621763"
"""PORTUGAL,EVORA,7005""
","38.571431,-7.913502"
"""ITALY,CAMPODARSEGO,35011""
","45.5015196,11.906657"
"""ITALY,REZZATO,25086""
","45.5071605,10.3324897"
"""ITALY,MONZA,20900""
","45.5845001,9.2744485"
"""GERMANY,SOHLAND AN DER SPREE,2689""
","51.0436467,14.4705934"
"""UNITED KINGDOM,TELFORD,TF1 6AF""
","52.7079625,-2.4723913"
"""FINLAND,TAMPERE,33331""
","61.4977524,23.7662274"
"""GERMANY,LEINGARTEN,74211""
","49.1382128,9.1064231"
"""ITALY,TROFARELLO,10028""
","44.9758592,7.7453658"
"""UNITED KINGDOM,WORCESTER,WR4 9FA""
","52.2131165,-2.171939"
"""FRANCE,LA TOUR DU PIN,38110""
","45.564026,5.445327"
"""FRANCE,CORVOL L ORGUEILLEUX,58460""
","47.431222,3.404975"
"""ITALY,MILANO,20124""
","45.4838483,9.1929449"
"""FRANCE,VILLIEU LOYE MOLLON,1800""
","45.9219372,5.224442"
"""ITALY,MARTANO,73025""
","40.202493,18.3025894"
"""ITALY,LANCIANO,66034""
","42.22655,14.3890227"
"""UNITED KINGDOM,HESSLE,HU13 OTP""
","53.72005,-0.4333759"
"""FRANCE,LE POIRE SUR VIE,85170""
","46.767746,-1.508806"
"""ITALY,CALVISANO,25012""
","45.3490641,10.3453579"
"""GERMANY,REGENSBURG,93055""
","48.9966449,12.1671473"
"""GERMANY,LORSCH,64653""
","49.6539255,8.5675071"
"""ITALY,SALE MARASINO,25057""
","45.7147766,10.1103607"
"""ITALY,FARA NOVARESE,28073""
","45.553646,8.4604788"
"""SPAIN,PORRINO,36400""
","42.1608459,-8.6177291"
"""GERMANY,KOETZ,89359""
","48.4071279,10.2758666"
"""ITALY,CARATE BRIANZA ,20841""
","45.6765522,9.2367432"
"""ITALY,ORZINUOVI,25034""
","45.4055212,9.9258238"
"""FRANCE,TOULOUSE,31024""
","47.785421,-3.2602564"
"""ITALY,BORZANO DI ALBINEA,42020""
","44.6003977,10.6354115"
"""ITALY,MILANO,20135""
","45.4496216,9.2051562"
"""HUNGARY,EGER,3300""
","47.9016921,20.3775437"
"""CZECH REPUBLIC,VYSOKE MYTO,56601""
","49.9542636,16.1641685"
"""GERMANY,LEUTKIRCH,88299""
","47.826741,10.0213851"
"""ITALY,CASTEL GUELFO (BO),40023""
","44.4377825,11.6135085"
"""FRANCE,THIRON GARDAIS,28480""
","48.311338,0.995197"
"""POLAND,MIEDZYRZECZ,66-300""
","52.4444808,15.5779005"
"""BELGIUM,BEVEREN-LEIE,8791""
","50.873981,3.3465118"
"""NETHERLANDS,ALKMAAR,1812 PP""
","52.6190963,4.7646956"
"""ITALY,LECCE,73100""
","40.3515155,18.1750161"
"""BELGIUM,BRUGGE,8000""
","51.2299337,3.2028416"
"""ITALY,CASTELLETTO BRANDUZZ PV,27040""
","45.0696241,9.0982333"
"""BELGIUM,TIELT,8700""
","51.0001519,3.3263821"
"""ITALY,TORINO,10095""
","45.0563863,7.5943754"
"""ITALY,SANTHIA,13048""
","45.3725355,8.2000117"
"""ITALY,RIVAROLO CANAVESE TO,10086""
","45.3300322,7.7211041"
"""SPAIN,CASTELLON DE LA PLANA,12080""
","39.9968547,-0.0005857"
"""ITALY,ALMESE,10040""
","45.1173797,7.3950789"
"""ITALY,CASTELFRANCO EMILIA,41013""
","44.5899674,11.0978357"
"""ROMANIA,BISTRITA,420006""
","47.0965506,24.4379852"
"""UNITED KINGDOM,CORBY,NN18 8AW""
","52.4873256,-0.6854793"
"""ITALY,CAVENAGO,20873""
","45.5834332,9.4149694"
"""ITALY,CARMIANO,73041""
","40.3502773,18.0460161"
"""FRANCE,ARGENTEUIL,95100""
","48.9492168,2.2282675"
"""ITALY,CAMPOSANTO ,41031""
","44.7903098,11.1368234"
"""GERMANY,HOMBURG,66424""
","49.3253537,7.3448047"
"""GERMANY,MONHEIM,40789""
","51.0966108,6.8974365"
"""ITALY,CAROBBIO DEGLI ANGELI,24060""
","45.6659351,9.833143"
"""AUSTRIA,KOTTINGBRUNN,2542""
","47.9502639,16.2338581"
"""ITALY,MEDICINA,40059""
","44.4944193,11.6754779"
"""ITALY,BRISSAGO,21030""
","45.9496727,8.7487358"
"""POLAND,BIELSKA 1B,09-412""
","52.554471,19.6991659"
"""FRANCE,DECINES-CHARPIEU,69150""
","45.7675942,4.9698439"
"""GERMANY,HANNOVER,30521""
","52.3239015,9.8038578"
"""ITALY,TREZZO SULL'ADDA,20056""
","45.6130516,9.501934"
"""ITALY,TORINO,10148""
","45.112337,7.6707218"
"""GERMANY,SCCHROBENHAUSEN,86529""
","48.5629444,11.2322974"
"""ITALY,LIMENA,35010""
","45.4786121,11.8457208"
"""ITALY,SOMMARIVA DEL BOSCO,12048""
","44.770061,7.7833849"
"""ITALY,RAVARINO,41017""
","44.7232188,11.1017597"
"""NETHERLANDS,DORDRECHT,3316 LB""
","51.7705922,4.6336628"
"""GERMANY,KARLSRUHE  DURLACH,76227""
","48.9881413,8.4743368"
"""GERMANY,VILLINGEN SCHWENNINGEN,78006""
","48.0691934,8.4489965"
"""GERMANY,PARCHIM,19370""
","53.427957,11.8776221"
"""ITALY,CASTEL MAGGIORE,40013""
","44.5751652,11.3637308"
"""DENMARK,RINGSTED,4100""
","55.4324935,11.8067285"
"""AUSTRIA,PASCHING,4066""
","48.2440014,14.2365018"
"""ITALY,SAN MAURO TORINESE,10099""
","45.1020871,7.7653554"
"""GERMANY,PENZBERG,82377""
","47.75612,11.3698021"
"""GERMANY,MAINTAL,63477""
","50.1472058,8.8249691"
"""UNITED KINGDOM,SHEFFIELD,S26 5PN""
","53.347547,-1.2989272"
"""SPAIN,PAMPLONA,31012""
","42.819843,-1.6784986"
"""ITALY,SERIATE (BG) ,24068""
","45.685418,9.7217012"
"""FRANCE,NEVERS CEDEX,58004""
","46.9874505,3.1506645"
"""ITALY,MORAZZONE,21040""
","45.7650204,8.831489"
"""ITALY,CASSINO,3043""
","41.6438772,13.7489225"
"""BELGIUM,KUURNE,8520""
","50.8569946,3.2766908"
"""ITALY,LAINATE,20020""
","45.574026,9.0274157"
"""BELGIUM,MOORSELE,8560""
","50.8405959,3.1646335"
"""ITALY,MONTA D'ALBA,12046""
","44.6387305,8.0508879"
"""ITALY,CARPI,41012""
","44.7838779,10.8796629"
"""ITALY,PIETRACUTA DI SAN LEO -RN,47865""
","43.9558817,12.3684824"
"""ITALY,CASTELLO D'ARGILE,40050""
","44.6800033,11.2952663"
"""NETHERLANDS,SLIEDRECHT,3360 BE""
","51.8186046,4.767992"
"""NETHERLANDS,SR WEERT,6006""
","51.2487474,5.7030791"
"""POLAND,ZDUNSKA WOLA,98-220""
","51.5990328,18.9393251"
"""FRANCE,LA LOUPE,28240""
","48.471285,1.014305"
"""HUNGARY,GYOR,9027""
","47.6982642,17.6932858"
"""TURKEY,KOCAELI,41420""
","40.8361421,29.3831026"
"""GERMANY,MARBACH,71672""
","48.9370133,9.2672764"
"""POLAND,SWARZEDZ,62-020""
","52.4125371,17.0855512"
"""GERMANY,FRIEDBERG/ BAYERN,86316""
","48.3611184,11.0203751"
"""ITALY,BRIGNANO GERA D ADDA,24053""
","45.5452605,9.6471512"
"""AUSTRIA,KREMS AN DER DONAU,3500""
","48.4169559,15.6019211"
"""GERMANY,LOENINGEN,49624""
","52.736526,7.7587838"
"""GERMANY,NEU-ISENBURG,63263""
","50.0521661,8.6952446"
"""ITALY,ATESSA,66041""
","42.071436,14.4511304"
"""ITALY,POMPIANO,25030""
","45.4314129,9.9885679"
"""SPAIN,ERMUA-VIZCAYA,48260""
","43.1873519,-2.5037039"
"""ITALY,VIGONE ,10067""
","44.8430924,7.4956063"
"""SPAIN,LINARES JAEN,23700""
","38.0969098,-3.6369803"
"""FRANCE,SATOLAS ET BONCE,38290""
","45.693133,5.130384"
"""CZECH REPUBLIC,POHORELICE,691 23""
","48.9811872,16.5244574"
"""SPAIN,ABRERA,8630""
","41.5085778,1.8825085"
"""ITALY,BOLOGNA,40138""
","44.4993258,11.3985651"
"""GERMANY,MARKDORF,88677""
","47.7243575,9.406025"
"""ITALY,CONDOVE,10055""
","45.1135641,7.3132292"
"""ITALY,SAVIGLIANO,12038""
","44.6487602,7.6765157"
"""BELGIUM,BRUSSEL (ANDERLECHT),1070""
","50.8365808,4.308187"
"""POLAND,JELENIA GORA,58-500""
","50.8877334,15.7128639"
"""GERMANY,HALVER,58553""
","51.1803587,7.4982751"
"""FINLAND,RAUMA,26100""
","61.1261232,21.4936977"
"""ITALY,FIESSO UMBERTIANO,45024""
","44.9616762,11.6075202"
"""TURKEY,ISTANBUL,34670""
","40.6665221,26.066693"
"""FRANCE,CHAUMONT,52000""
","48.113748,5.1392559"
"""ITALY,BRUGHERIO,20047""
","45.5491201,9.2993302"
"""GERMANY,NEUKIRCHEN,66538""
","49.3409144,7.1787254"
"""ITALY,INDUNO OLONA,21056""
","45.8506537,8.8385106"
"""ITALY,SETTIMO TORINESE (TO),10036""
","45.139586,7.7709784"
"""ITALY,POGGIO RENATICO,44028""
","44.76282,11.4815423"
"""ITALY,MONZA,20052""
","45.5851416,9.2774821"
"""UNITED KINGDOM,DARTFORD,DA1 1JD""
","51.4332239,0.2201448"
"""ITALY,CIRIE',10073""
","45.2358319,7.6014933"
"""ITALY,TORINO,10060""
","44.8929408,7.0771908"
"""GERMANY,BIETIGHEIM-BISSINGEN,74321""
","48.9535682,9.1241772"
"""ITALY,VILLANOVA CANAVESE,10070""
","45.2431547,7.5535534"
"""ITALY,COGOZZO DI VILLA CARCINA,25069""
","45.6437354,10.1954282"
"""NETHERLANDS,VENLO,5928""
","51.4094401,6.0930958"
"""UNITED KINGDOM,SKIPTON,BD23 1UP""
","53.9562205,-2.0345111"
"""ITALY,MELPIGNANO,73020""
","40.1562375,18.291137"
"""UNITED KINGDOM,HARLOW,CM19 5SU""
","51.76571,0.0620581"
"""ITALY,MODENA,41100""
","44.6446127,10.9371698"
"""FRANCE,SABLE SUR SARTHE  CEDEX,72302""
","47.8404856,-0.3334185"
"""ITALY,BRUNICO,39031""
","46.7965736,11.9380416"
"""GERMANY,WILSDRUFF,1723""
","51.0513778,13.5334176"
"""ITALY,GUASTICCE (LI),57017""
","43.597632,10.4088595"
"""FRANCE,CALUIRE,69300""
","45.7964534,4.8511366"
"""ITALY,CASCINE VICA RIVOLI,10090""
","45.0699446,7.5404307"
"""ITALY,MORCONE,82026""
","41.3397702,14.6654553"
"""POLAND,ZAGORZ,38-540""
","49.5143,22.26707"
"""FRANCE,CHALMAISON,77650""
","48.483055,3.251655"
"""FRANCE,MAREUIL SUR LAY,85320""
","46.5338143,-1.2233481"
"""FRANCE,ST LOUP,69490""
","45.890992,4.492957"
"""FRANCE,HOUDAN,78550""
","48.789808,1.601126"
"""GERMANY,WESEL,46483""
","51.663334,6.6192246"
"""ITALY,ALBIATE ,20847""
","45.6554057,9.2486562"
"""ITALY,CARDANO AL CAMPO,21010""
","45.6455568,8.7716745"
"""ITALY,PORTOGRUARO,30026""
","45.7805759,12.8373992"
"""GERMANY,FREINHAUSEN,86558""
","48.6263462,11.429934"
"""SPAIN,MÁLAGA,29004""
","36.6819541,-4.474826"
"""UNITED KINGDOM,GLOUCESTER,GL1 55Q""
","51.8604806,-2.2473919"
"""GERMANY,HÖXTER,37671""
","51.7980896,9.3510271"
"""AUSTRIA,ST. VALENTIN,4300""
","48.1751847,14.5254825"
"""GERMANY,HOMBERG-NIEDEROFLEIDEN,35315""
","50.7539258,8.972237"
"""UNITED KINGDOM,YORK,YO41 1AL""
","53.9924083,-0.9174198"
"""ITALY,RUBIERA,42048""
","44.6529827,10.7806381"
"""BELGIUM,ST TRUIDEN,3800""
","50.8019192,5.2202655"
"""FRANCE,COEX,85220""
","46.697457,-1.762711"
"""SPAIN,BURGOS,9080""
","42.4553994,-3.7246018"
"""GERMANY,HOFGEISMAR,34369""
","51.4970925,9.3860472"
"""GERMANY,LOHR AM MAIN,97816""
","49.9892207,9.5722309"
"""ITALY,CHIVASSO,10034""
","45.1900384,7.888952"
"""BELGIUM,MENEN,8930""
","50.7870337,3.1708539"
"""ITALY,MARCON,30020""
","45.5574362,12.2989231"
"""ITALY,POTENZA,85100""
","40.6404067,15.8056041"
"""ITALY,FORNO CANAVESE,10084""
","45.3475948,7.585806"
"""FRANCE,BOURBON LANCY,71140""
","46.61921,3.773899"
"""ITALY,MODENA ,41100""
","44.6446127,10.9371698"
"""FRANCE,VITRY SUR SEINE,94400""
","48.792001,2.39851"
"""GERMANY,ELTERLEIN,9481""
","50.57691,12.86895"
"""GERMANY,ERDING,85435""
","48.3114648,11.9188758"
"""ITALY,RIVALTA DI TORINO,10040""
","45.0195966,7.5123336"
"""BELGIUM,KONTICH,2550""
","51.1267179,4.4401844"
"""UNITED KINGDOM,BASILDON,SS14 3AD""
","51.5865547,0.4719755"
"""NETHERLANDS,DUIVEN,6921 RC""
","51.9660897,6.0142532"
"""NETHERLANDS,VEENENDAAL,3903 LV""
","52.0083975,5.5710825"
"""FRANCE,LE BLANC,36300""
","46.633239,1.064289"
"""GERMANY,MUELSEN,8132""
","50.7323536,12.5812468"
"""ITALY,PRATO DI CORREGGIO (RE),42015""
","44.7144408,10.7445518"
"""ITALY,COLOGNE BRESCIANO,25033""
","45.5774872,9.9390689"
"""ITALY,REGGIO EMILIA,42100""
","44.682721,10.608522"
"""ITALY,FUSIGNANO,48034""
","44.4679898,11.9594041"
"""GERMANY,BERLIN,12681""
","52.5546409,13.539811"
"""GERMANY,KALTENNORDHEIM,36452""
","50.628049,10.1587077"
"""ITALY,SEZZE SCALO (LT),4010""
","41.4990747,13.0389304"
"""SPAIN,CADRETE (ZARAGOZA),50420""
","41.5553673,-0.9611608"
"""GERMANY,HEILIGENHAUS,42571""
","51.1126657,8.6174915"
"""ITALY,VILLASANTA,20852""
","45.606179,9.3015087"
"""UNITED KINGDOM,WORCESTER,WR5 3DF""
","52.1791653,-2.2223943"
"""ITALY,UBOLDO,21040""
","45.6142231,9.0043619"
"""UNITED KINGDOM,YSTRAD MYNACH,CF82 7RJ""
","51.6291346,-3.2328535"
"""BELGIUM,HASSELT,3500""
","50.9215166,5.3447405"
"""GERMANY,KUEMMERSBRUCK,92245""
","49.4189241,11.8899655"
"""FRANCE,SAUTRON,44880""
","47.2703578,-1.6785403"
"""SPAIN,BELLVEI,43719""
","41.2398032,1.5772232"
"""UNITED KINGDOM,WILLENHALL,WV13 3SJ""
","52.5916439,-2.0790636"
"""BELGIUM,LO RENINGE,8647""
","50.9688486,2.7818969"
"""ITALY,MODENA,41122""
","44.647128,10.9252269"
"""ITALY,SAN PONSO,10080""
","45.3504395,7.6717921"
"""GERMANY,LUDWIGSBURG,71636""
","48.8847044,9.159813"
"""SPAIN,CASLADA,28821""
","40.4299768,-3.5635559"
"""FRANCE,TRAPPES,78190""
","48.7772276,1.9973063"
"""ITALY,CAMPOGALLIANO (MO),41011""
","44.6917626,10.8448554"
"""CZECH REPUBLIC,PROSTEJOV,797 11""
","49.8573265,15.8601526"
"""ITALY,MOIE DI MAIOLATI SPONTINI,60030""
","43.5027548,13.1389283"
"""ITALY,MIRABELLO MONFERRATO,15040""
","45.0339287,8.5232755"
"""GERMANY,AMBERG,92224""
","49.442171,11.8377684"
"""ITALY,VENISSIEUX,69200""
","45.707868,4.86544"
"""ITALY,ARGELATO,40050""
","44.6447617,11.3447429"
"""ITALY,BRIGNANO GERA D'ADDA,24053""
","45.5452605,9.6471512"
"""UNITED KINGDOM,LUTON,LU4 9DT""
","51.9145847,-0.476776"
"""UNITED KINGDOM,SUNDERLAND,SR4 9EN""
","54.893446,-1.4529428"
"""UNITED KINGDOM,WEST BROMWICH,B71 3JZ""
","52.5474851,-1.9907841"
"""ITALY,TARANTO,74123""
","40.4643606,17.2470303"
"""FRANCE,SAINT ETIENNE,42000""
","45.450626,4.3859432"
"""ITALY,FIANO,10070""
","45.2136509,7.5273638"
"""SPAIN,MARKINA, BIZKAIA,48270""
","43.2674978,-2.4937231"
"""UNITED KINGDOM,SALISBURY,SP2 7HP""
","51.0738769,-1.8138236"
"""ITALY,VERONA,37139""
","45.4473521,10.9188362"
"""BELGIUM,HOOGLEDE GITS,8830""
","50.9970116,3.0999918"
"""GERMANY,OCHSENHAUSEN,88416""
","48.069478,9.9515912"
"""ITALY,BOLLADELLO DI CAIRATE,21050""
","45.6793237,8.8407191"
"""ITALY,BRANDIZZO,10032""
","45.1767924,7.8365246"
"""POLAND,LACK,09-520""
","52.4506032,19.6362734"
"""ITALY,PALAZZOLO SULL  OGLIO,10050""
","45.5979399,9.882059"
"""POLAND,PLOCK,09-41""
","52.5247859,19.6758914"
"""ITALY,CALDERARA DI RENO,40012""
","44.5674806,11.2726182"
"""GERMANY,VOELKLINGEN,66333""
","49.2556226,6.8588948"
"""NETHERLANDS,ENS,8307 DE""
","52.6415304,5.8183528"
"""ITALY,CASTELNOVO BARIANO (RO),45030""
","45.0248371,11.2937564"
"""ITALY,SALERNO,84100""
","40.6755348,14.7685227"
"""AUSTRIA,LEND,5651""
","47.299773,13.0426791"
"""ITALY,SUZZARA,46029""
","44.9918729,10.742497"
"""FRANCE,VETRAZ-MONTHOUX,74106""
","46.1744571,6.2580957"
"""GERMANY,HILCHENBACH,57271""
","50.9917621,8.1174394"
"""ITALY,ARZANO,80022""
","40.9095758,14.2650296"
"""GERMANY,SPEYER,67346""
","49.3172765,8.4412172"
"""ITALY,NOVA MILANESE,20834""
","45.5919816,9.1977705"
"""GERMANY,BROISTEDT,38268""
","52.187387,10.3304517"
"""FRANCE,LIBOURNE CEDEX,33503""
","44.9158731,-0.2363562"
"""FRANCE,AMIENS CEDEX 2,80009""
","49.8905368,2.3081396"
"""BELGIUM,ZEDELGEM,8210""
","51.1262334,3.1663061"
"""GERMANY,OFFENBACH AM MAIN,63069""
","50.0747701,8.755732"
"""NETHERLANDS,BREDA,4823 AE""
","51.6124622,4.719728"
"""UNITED KINGDOM,DUNSTABLE,LU5 4JY""
","51.8867259,-0.5074331"
"""CZECH REPUBLIC,CESKE BUDEJOVICE,37004""
","48.9903473,14.4754784"
"""GERMANY,PASSAU,94034""
","48.5882961,13.4832976"
"""ITALY,DRONERO,12025""
","44.4658423,7.3656691"
"""ITALY,MINERBE,37046""
","45.2409498,11.3295949"
"""FRANCE,LES SORINIERES,44480""
","46.566961,-1.528172"
"""FRANCE,LA FLECHE,72200""
","47.69589,-0.074646"
"""ITALY,BUSANO ,10080""
","45.3288401,7.65674"
"""SPAIN,MADRID (SPAIN),28031""
","40.3809156,-3.5863313"
"""ITALY,MONTICHIARI,25018""
","45.4135375,10.367213"
"""UNITED KINGDOM,NURSLING,SO16 0YS""
","50.9384922,-1.4808508"
"""BELGIUM,HARELBEKE,8530""
","50.8455798,3.3121073"
"""ITALY,CARMAGNOLA,10022""
","44.8458851,7.7174363"
"""ITALY,CUNEO,12100""
","44.3844766,7.5426711"
"""BELGIUM,HASSELT KURINGEN,3511""
","50.943353,5.3041214"
"""FINLAND,LAITILA,23800""
","60.8742163,21.6981089"
"""ITALY,CARPANETO PIACENTINO ,29013""
","44.9137208,9.788066"
"""CZECH REPUBLIC,TRUTNOV,541 03""
","50.5710011,15.951557"
"""CZECH REPUBLIC,VELKA BITES,595 01""
","49.2886269,16.2258566"
"""GERMANY,ERWITTE,59597""
","51.6117813,8.300746"
"""ITALY,SEZZE,4018""
","41.5437494,13.0440686"
"""FRANCE,LA ROCHE-SUR-YON,85000""
","46.670511,-1.426442"
"""ITALY,FERRARA,44124""
","44.8381237,11.619787"
"""NETHERLANDS,ROERMOND,6045 GG""
","51.1743616,6.0184513"
"""ITALY,LAIVES,39055""
","46.4271136,11.3372914"
"""ITALY,BAGNOLO IN PIANO,42011""
","44.7638127,10.6733645"
"""GERMANY,NEUMUENSTER,24539""
","54.0462788,9.9930497"
"""FRANCE,ISSOIRE,63500""
","45.54151,3.248128"
"""ITALY,CASCINE VICA,10090""
","45.0699446,7.5404307"
"""BELGIUM,STADEN-OOSTNIEUWKERKE,8840""
","50.9423778,3.0642828"
"""SPAIN,ALBACETE,2080""
","38.5744522,-2.6283866"
"""ROMANIA,FAGARAS,505200""
","45.8444191,24.9704264"
"""BELGIUM,WOUMEN,8600""
","50.9983803,2.8697759"
"""BELGIUM,DIKSMUIDE,8600""
","51.033331,2.8658393"
"""ITALY,CASTEL DI CASIO,40030""
","44.1641151,11.0380005"
"""FRANCE,MORIGNY CHAMPIGNY,91150""
","48.446833,2.181743"
"""PORTUGAL,VILA NOVA CERVEIRA,4920-011""
","41.9711535,-8.6873018"
"""BELGIUM,BRUSSEL,1082""
","50.8652842,4.2943085"
"""FRANCE,MELUN CEDEX,77006""
","48.3481478,2.607068"
"""ITALY,BREGANZE,36042""
","45.708245,11.5574545"
"""GERMANY,SCHWIEBERDINGEN,71701""
","48.8807971,9.0813174"
"""ITALY,PESCHIERA BORROMEO,20068""
","45.4392174,9.3037435"
"""BELGIUM,ZONNEBEKE,8980""
","50.8588489,3.0141774"
"""ITALY,LUOGOSANO,83040""
","40.9827573,14.9960248"
"""ITALY,PIANFEI,12080""
","44.3697211,7.7083694"
"""GERMANY,ULM,89079""
","48.338844,9.9464176"
"""BELGIUM,ROESELARE,8800""
","50.9387847,3.1451697"
"""ITALY,CENTO (FE),44042""
","44.7315319,11.2908156"
"""POLAND,LODZ,93331""
","51.7592485,19.4559833"
"""ITALY,CORNAREDO,20010""
","45.5015276,9.0239284"
"""FRANCE,VIVIER AU COURT,8440""
","46.535114,-1.2244139"
"""ITALY,ALONTE,36040""
","45.3630541,11.4272243"
"""BELGIUM,KORTEMARK,8610""
","51.0258933,3.0076914"
"""ITALY,TORREGLIA (PD),35038""
","45.3351763,11.7314351"
"""FRANCE,CHÂTELLERAULT,86100""
","46.816487,0.548146"
"""ITALY,AGRATE BRIANZA,20864""
","45.5767892,9.350906"
"""ITALY,SAN SALVO,66050""
","42.0440032,14.7339367"
"""GERMANY,WALTERSHAUSEN,99880""
","50.9318497,10.5608574"
"""POLAND,CZESTOCHOWA,42-200""
","50.8118195,19.1203094"
"""POLAND,BYDGOSZCZ,85-862""
","53.1064834,18.0465888"
"""FRANCE,CONTAMINE-SUR-ARVE,74130""
","46.128077,6.34251"
"""ITALY,MONTEGALDA,36047""
","45.4441893,11.6751384"
"""ITALY,MARANELLO,41053""
","44.5263024,10.8666834"
"""UNITED KINGDOM,NEWBURY,RG19 6HW""
","51.401409,-1.3231139"
"""ITALY,FISCIANO,84084""
","40.7731935,14.7965608"
"""ITALY,VALSAMOGGIA,40053""
","44.5043141,11.0799504"
"""ITALY,ALPIGNANO,10091""
","45.0929488,7.523704"
"""ITALY,RODANO MILLEPINI,20090""
","45.4709898,9.3360614"
"""ITALY,RIVALTA,10100""
","45.6836426,11.3984408"
"""CZECH REPUBLIC,BOR U TACHOVA,34802""
","49.7116058,12.775176"
"""GERMANY,HAMBURG,22339""
","53.6447228,10.0383761"
"""ITALY,SAN CESARIO SUL PANARO,41018""
","44.5621048,11.0348074"
"""ITALY,MONSANO,60030""
","43.5626824,13.2482313"
"""FRANCE,SAINT PRIEST CEDEX,69808""
","45.7201469,4.9729177"
"""UNITED KINGDOM,WARLEY,B67 5AS""
","52.477584,-1.9783969"
"""SPAIN,FUENLABRADA,28946""
","40.2728593,-3.7790684"
"""FRANCE,ARPAJON,91290""
","48.589172,2.246237"
"""ITALY,REGGIOLO,42046""
","44.9177593,10.8025268"
"""GERMANY,BESIGHEIM-OTTMARSHEIM,74354""
","48.9966629,9.1575486"
"""POLAND,STARACHOWICE,27-200""
","51.0416779,21.0733669"
"""NORWAY,RAUFOSS,2830""
","60.7263781,10.6171806"
"""ITALY,CASTELNUOVO CALCEA ,14040""
","44.7841521,8.2828729"
"""UNITED KINGDOM,KINGSWINFORD,DY6 7QQ""
","52.5027454,-2.1642148"
"""ITALY,ERCOLANO,80056""
","40.8079195,14.3481628"
"""ITALY,VILLARBASSE,10090""
","45.044631,7.4672997"
"""TURKEY,KONIA,42050""
","37.9250638,32.5712101"
"""ITALY,CURA CARPIGNANO,27010""
","45.2121049,9.255319"
"""GERMANY,GLUCKSTADT,25348""
","53.7911914,9.4260898"
"""GERMANY,NIEDERAICHBACH,84100""
","48.5929044,12.3167643"
"""ITALY,SPILAMBERTO,41057""
","44.5318187,11.0204491"
"""ITALY,VINOVO (TO),10048""
","44.9464454,7.6327043"
"""UNITED KINGDOM,HARLOW,CM19 5FA""
","51.7673798,0.0658011"
"""UNITED KINGDOM,GATESHEAD,NE11 0SJ""
","54.9296486,-1.6164147"
"""GERMANY,RONNEBURG,7580""
","50.2384162,9.0617334"
"""FRANCE,ROMANS,26106""
","46.1292148,5.1696055"
"""FRANCE,CHATELLERAULT,86100""
","46.816487,0.548146"
"""ITALY,REMEDELLO,25010""
","45.2705088,10.3742664"
"""SPAIN,HOSTALRIC,17450""
","41.7433285,2.6276966"
"""ITALY,CORREGGIO,42015""
","44.7708574,10.7819083"
"""ITALY,FRASSINETO PO,15040""
","45.1332704,8.5347514"
"""FRANCE,ETOILE SUR RHONE,26800""
","44.836929,4.893909"
"""ITALY,NOVA MILANESE,20054""
","45.5932641,9.2033518"
"""ITALY,BARBANIA,10070""
","45.2913024,7.6312054"
"""ITALY,MINERVINO MURGE,70055""
","41.2262126,16.2775445"
"""ITALY,CASERTA,81100""
","41.0854362,14.367553"
"""FRANCE,LES AVENIÈRES,38630""
","45.634915,5.562628"
"""UNITED KINGDOM,ALDRIDGE,WS9 8BG""
","52.6034225,-1.9389459"
"""BELGIUM,RUISELEDE,8755""
","51.0413098,3.3970513"
"""AUSTRIA,SCHWARZACH IM PONGAU,5620""
","47.319699,13.1429164"
"""UNITED KINGDOM,LEICESTER,LE4 9LN""
","52.6622495,-1.0940686"
"""CZECH REPUBLIC,TRHOVY STEPANOV,25763""
","49.7114758,15.0135679"
"""SPAIN,VILLABONA,20150""
","43.1869294,-2.0525483"
"""ITALY,FANANO,41021""
","44.207978,10.7969832"
"""FRANCE,BERGUES,59380""
","50.968519,2.433324"
"""FRANCE,PERSAN,95340""
","49.152233,2.269571"
"""ITALY,CASARILE,20080""
","45.3171122,9.1059821"
"""UNITED KINGDOM,ALTON,GU34 2QG""
","51.153411,-0.9603895"
"""ITALY,CAMPOSANTO,41031""
","44.7903098,11.1368234"
"""GERMANY,BAD SACKINGEN,79713""
","47.5562231,7.9435877"
"""ITALY,DRONERO (CN),12025""
","44.4658423,7.3656691"
"""ITALY,POTENZA PICENA MC,62018""
","43.367398,13.6234038"
"""NETHERLANDS,DIEMEN,1112 AW""
","52.3320319,4.9663719"
"""GERMANY,BIETIGHEIM-BISSINGEN 1,74321""
","48.94232,9.13814"
"""GERMANY,RENNINGEN,71272""
","48.7709618,8.930791"
"""NETHERLANDS,LN EDE,6717""
","52.0188009,5.6689211"
"""FRANCE,MONTARGIS,45120""
","48.014186,2.7623246"
"""GERMANY,REMAGEN,53424""
","50.5732804,7.2385533"
"""SPAIN,SESENA NUEVO,45224""
","40.1095833,-3.6534522"
"""ITALY,FINALE EMILIA,41034""
","44.8324577,11.2911601"
"""ITALY,SALASSA CANAVESE,10080""
","45.3470695,7.6920917"
"""POLAND,LEGNICKIE POLE,59241""
","51.1443537,16.2427819"
"""ITALY,TRIBIANO,20067""
","45.4127421,9.3794296"
"""ITALY,CHIUSANO S. DOMENICO,83040""
","40.931181,14.9169915"
"""ITALY,RIVALTA,10043""
","45.0147812,7.528583"
"""ITALY,BRESCIA,25125""
","45.5203846,10.1857711"
"""ITALY,SAN GILLIO,10040""
","45.142067,7.5317472"
"""GERMANY,BAD SÄCKINGEN,79713""
","47.5562231,7.9435877"
"""UNITED KINGDOM,DONCASTER,DN4 8DH""
","53.5048202,-1.1302449"
"""GERMANY,FRIEDBERG,86316""
","48.3611184,11.0203751"
"""ITALY,MONTECCHIO,42027""
","44.6984016,10.4485047"
"""GERMANY,WALTERSHAUSEN,99867""
","50.919965,10.5485093"
"""GERMANY,AUGSBURG,86167""
","48.3930563,10.9245621"
"""GERMANY,GROSSPOSTWITZ,2692""
","51.1202199,14.4420345"
"""UNITED KINGDOM,ROUND SPINNEY,NN3 8RS""
","52.2782953,-0.8390212"
"""GERMANY,OBERBOIHIGEN,72644""
","48.6480295,9.366719"
"""ITALY,SAN GIOVANNI LUPATOTO,37057""
","45.3823658,11.0444905"
"""POLAND,LIPNO,87-600""
","52.844147,19.1784128"
"""ITALY,COCCAGLIO,25030""
","45.5637534,9.9743178"
"""ITALY,TORINO,10156""
","45.1193476,7.7061494"
"""FRANCE,LE MANS CEDEX2,72018""
","47.9956173,0.1924459"
"""BELGIUM,VILVOORDE,1800""
","50.9272511,4.4257868"
"""ITALY,INVORIO,28045""
","45.7554382,8.4870876"
"""FRANCE,MARMANDE,47220""
","48.3010591,-1.2833809"
"""AUSTRIA,KEMATEN,4633""
","48.1762644,13.859372"
"""ITALY,CERNUSCO LOMBARDONE,23870""
","45.692575,9.402087"
"""BELGIUM,NIVELLES,1400""
","50.5886574,4.3308649"
"""UNITED KINGDOM,DERBY,DE21 4AP""
","52.9479738,-1.4615223"
"""GERMANY,BURGAU,89331""
","48.4257735,10.385155"
"""ITALY,VICENZA,36100""
","45.5454787,11.5354214"
"""FRANCE,ST-PIERRE D'EXIDEUIL,86400""
","46.151206,0.270516"
"""BELGIUM,RONSE,9600""
","50.7535563,3.6075352"
"""POLAND,OLEŚNICA,56-400""
","52.0503669,21.993368"
"""POLAND,SIERPC,09-200""
","52.8568142,19.669432"
"""ITALY,BENTIVOGLIO,40010""
","44.6359227,11.4167591"
"""ITALY,PORTO MANTOVANO,46047""
","45.183209,10.7518186"
"""GERMANY,BARGTEHEIDE,22941""
","53.7287773,10.2656004"
"""ITALY,MONTERUBBIANO,63825""
","43.0872397,13.7178532"
"""UNITED KINGDOM,WOLVERHAMPTON,WV10 9LA""
","52.607076,-2.1246467"
"""FRANCE,LES HAYES,41800""
","47.71508,0.77636"
"""GERMANY,HEILBRONN,74078""
","49.1739546,9.1699726"
"""ITALY,BAGNOLO SAN VITO  MN ,46031""
","45.0923033,10.8781066"
"""UNITED KINGDOM,BURNLEY,BB10 2AR""
","53.8023971,-2.2233105"
"""SLOVAKIA,HLOHOVEC - SULEKOVO,92003""
","48.4267545,17.7724603"
"""ITALY,CASTELLI CALEPIO,24060""
","45.6413946,9.8958239"
"""ITALY,GESSATE,20060""
","45.5565542,9.4348624"
"""ITALY,MILANO,20127""
","45.5000627,9.2273552"
"""FRANCE,SAINT DESIRAT,7340""
","43.286341,0.657351"
"""FRANCE,THOUARS CEDEX,79106""
","46.9913188,-0.2356139"
"""ITALY,ROMANO D'EZZELINO,36060""
","45.7962443,11.758273"
"""GERMANY,LEUTKIRCH IM ALLGAU,88299""
","47.8226062,10.0064024"
"""UNITED KINGDOM,NORTH WALSHAM,NR28 0AJ""
","52.8291752,1.3836286"
"""ITALY,CAMPOGALLIANO,41011""
","44.6917626,10.8448554"
"""FRANCE,RORTHAIS,79700""
","46.916446,-0.707339"
"""FRANCE,FELINES,7340""
","43.234055,2.319904"
"""ITALY,VIGONE,10067""
","44.8430924,7.4956063"
"""ITALY,REGGIO EMILIA,42122""
","44.6989932,10.6296859"
"""ITALY,RIVOLI,10098""
","45.0710902,7.513821"
"""ITALY,VINOVO,10048""
","44.9464454,7.6327043"
"""HUNGARY,SZENTGOTTHARD,9970""
","46.9583052,16.3077203"
"""ITALY,ROCCA S. FELICE,83050""
","40.9493337,15.1654922"
"""ITALY,BENI COMUNALI CREVALCORE,40014""
","44.716014,11.168643"
"""BELGIUM,IEPER,8900""
","50.8619159,2.8927568"
"""ITALY,ARCORE,20043""
","45.6320083,9.3245146"
"""BELGIUM,MECHELEN,2800""
","51.0208132,4.4737954"
"""NETHERLANDS,BARNEVELD,3772 MN""
","52.1245035,5.5665958"
"""FRANCE,CRAN-GEVRIER,74960""
","45.907737,6.106677"
"""ITALY,AGRATE BRIANZA,20041""
","45.5723465,9.3364702"
"""ITALY,IMPRUNETA,50023""
","43.6845156,11.2581395"
"""ITALY,MODENA,41123""
","44.647128,10.9252269"
"""SPAIN,TRETO,39760""
","43.3931135,-3.473316"
"""ITALY,TREZZANO ROSA,20060""
","45.5831283,9.4886612"
"""ITALY,RIMINI,47900""
","44.0597604,12.5702157"
"""ITALY,VENARIA,10078""
","45.1301582,7.6310474"
"""UNITED KINGDOM,SUDBURY,CO10 1XR""
","52.0461206,0.7184998"
"""ITALY,PERTUSIO,10080""
","45.3525762,7.6372133"
"""FRANCE,ELANCOURT CEDEX,78996""
","48.7828978,1.9696239"
"""ITALY,CODOGNO,26845""
","45.1610569,9.7009465"
"""ITALY,ISOLA D'ASTI,14057""
","44.82354,8.1830669"
"""SWITZERLAND,EMBRACH,8424""
","47.5106205,8.5961496"
"""NETHERLANDS,BOLSWARD,8701 MH""
","53.0662756,5.5038667"
"""FRANCE,VENISSIEUX CEDEX,69634""
","45.6822969,4.868556"
"""NETHERLANDS,NIEUWEGEIN,3439NC""
","52.0322013,5.1085338"
"""UNITED KINGDOM,CRAMLINGTON,NE23 8AD""
","55.0898781,-1.6152752"
"""ITALY,CANTARANA D'ASTI,14018""
","44.9111884,8.033475"
"""POLAND,BLONIE,05-870""
","52.1985472,20.6169567"
"""BELGIUM,ANTWERPEN,2030""
","51.2763963,4.3624604"
"""FRANCE,MERKWILLER PECHELBRONN,67250""
","48.939042,7.827382"
"""ITALY,MAPPANO DI CASELLE,10070""
","45.1587614,7.6847131"
"""FRANCE,CHATILLON SUR INDRE,36700""
","46.987223,1.173521"
"""ITALY,LEINI,10040""
","45.1797783,7.716918"
"""SWITZERLAND,BRIG GLIS,3902""
","46.3103096,7.9772064"
"""BELGIUM,TORHOUT,8820""
","51.0656522,3.0856584"
"""GERMANY,ASCHAFFENBURG,63742""
","49.97426,9.15024"
"""ITALY,TORINO,10142""
","45.0716182,7.6123684"
"""POLAND,GDAŃSK,80-718""
","54.3488578,18.6711397"
"""ITALY,BRICHERASIO,10060""
","44.8249815,7.3036025"
"""GERMANY,NEUBRANDENBURG WERNER,17033""
","53.5599871,13.2707484"
"""ITALY,POGGIOFIORITO,66030""
","42.2561468,14.3235507"
"""GERMANY,SCHWEBHEIM,97525""
","49.9895788,10.260068"
"""CZECH REPUBLIC,JICIN,506 48""
","49.576779,17.960956"
"""ITALY,OSASIO,10100""
","44.8481394,7.6218523"
"""BELGIUM,RUMST,2840""
","51.0910115,4.4155779"
"""FRANCE,TRACY LEMONT,60170""
","49.472567,3.01059"
"""SPAIN,VALLADOLID,47010""
","41.6704519,-4.7135268"
"""NETHERLANDS,DOETINCHEM,7008 BC""
","51.9811585,6.2614424"
"""GERMANY,BUEHL,77813""
","51.5543642,8.5490343"
"""FRANCE,BONNEUIL SUR MARNE,94380""
","48.774755,2.487765"
"""GERMANY,HAMM/SIEG,57577""
","50.7660602,7.6778685"
"""ITALY,MANOPPELLO,65024""
","42.2576173,14.0612131"
"""SPAIN,SANTPEDOR,8251""
","41.7562212,1.8401491"
"""GERMANY,WALDKRAIBURG,84478""
","48.2086516,12.4016363"
"""ITALY,GALLARATE,21013""
","45.6657427,8.787926"
"""GERMANY,KOBLENZ,56070""
","50.385786,7.581679"
"""ITALY,PAVULLO NEL FRIGNANO,41026""
","44.3365935,10.8335633"
"""FRANCE,NARBONNE,11100""
","43.184277,3.003078"
"""ITALY,REGGIOLO ,42046""
","44.9177593,10.8025268"
"""TURKEY,CAYIROVA/GEBZE,41400""
","40.824215,29.372234"
"""ITALY,FLERO ,25020""
","45.4827412,10.1789011"
"""UNITED KINGDOM,DAVENTRY,NN11 8 RA""
","52.2715937,-1.186452"
"""FRANCE,CHERBOURG OCTEVILLE,50130""
","49.6233258,-1.6469028"
"""UNITED KINGDOM,WINSFORD,CW7 3PZ""
","53.1922737,-2.4919255"
"""GERMANY,WIESBADEN,65201""
","50.049155,8.1878001"
"""BELGIUM,ZWEVEZELE-WINGENE,8750""
","51.0366689,3.1671237"
"""GERMANY,BIETIGHEIM BISSINGEN,74321""
","48.9535682,9.1241772"
"""ITALY,ARNAD,11020""
","45.6420224,7.7237854"
"""FRANCE,GIEN,45500""
","47.698059,2.624758"
"""GERMANY,WIPPERFURTH,51679""
","51.1185898,7.417016"
"""ITALY,CERVERE,12040""
","44.6362019,7.7898925"
"""UNITED KINGDOM,RUGBY,CV23 0PB""
","52.401089,-1.2373538"
"""FINLAND,TAMPERE,33330""
","61.5113481,23.5749858"
"""BELGIUM,HEULE KORTRIJK,8501""
","50.8431958,3.23472"
"""POLAND,BIELSKO BIALA,43-300""
","49.8223768,19.0583845"
"""GERMANY,SALZGITTER,38228""
","52.1361843,10.2876225"
"""ITALY,SAN MARTINO ALFIERI,14010""
","44.8182802,8.1090744"
"""BELGIUM,BRUSSELS (HAREN),1130""
","50.8922905,4.4176727"
"""ITALY,DESIO,20033""
","45.6128681,9.2124743"
"""ITALY,ADRO,25030""
","45.6201335,9.9575541"
"""FRANCE,LORIOL,26270""
","44.751895,4.822375"
"""DENMARK,MIDDELFART,5500""
","55.497204,9.747172"
"""ITALY,TRICASE,73039""
","39.9302065,18.3584374"
"""SPAIN,VITORIA,1013""
","40.2515589,-4.0680017"
"""SPAIN,POLINYA,8213""
","41.5553954,2.1567953"
"""GERMANY,HANNOVER,30165""
","52.4042924,9.7256773"
"""FRANCE,BRETEUIL,60120""
","49.6340519,2.29562"
"""GERMANY,BAD BENTHEIM-GILDEHAUS,48455""
","52.2961639,7.1005117"
"""GERMANY,NETTETAL,41334""
","51.3262794,6.2721001"
"""CZECH REPUBLIC,ODRY,742 35""
","49.6625479,17.8308497"
"""ITALY,BRINDISI,72100""
","40.6327278,17.9417616"
"""ITALY,SOZZIGALLI SOLIERA,41019""
","44.7487848,10.9760089"
"""POLAND,KRAKOW,30-399""
","50.0001125,19.8448772"
"""ITALY,OSPIATE DI BOLLATE,20021""
","45.5413612,9.101195"
"""FRANCE,LA ROCHE SUR YON,85000""
","46.670511,-1.426442"
"""FRANCE,CROIX CEDEX,59964""
","47.625385,0.277059"
"""GERMANY,OLCHING,82140""
","48.2128791,11.3490674"
"""BELGIUM,ZWIJNDRECHT,2070""
","51.2164116,4.3335905"
"""ITALY,VALFENERA,14017""
","44.9030261,7.9674172"
"""GERMANY,KOBLENZ,56020""
","50.3534,7.60196"
"""GERMANY,HORB AM NECKAR,72160""
","48.4544359,8.6481543"
"""SPAIN,RIPOLLET,8291""
","41.482444,2.164258"
"""ITALY,GRUGLIASCO,10095""
","45.0563863,7.5943754"
"""ITALY,BOLGARE,24060""
","45.6340243,9.8138918"
"""ITALY,CRESCENTINO,13044""
","45.1919142,8.1028002"
"""ITALY,SETTIMO TORINESE,10036""
","45.1383266,7.7728777"
"""ITALY,GALBIATE,23851""
","45.8164793,9.376957"
"""NETHERLANDS,MH BOLSWARD,8701 PT""
","53.0662756,5.5038667"
"""POLAND,PIASTOW,05-820""
","52.1859951,20.8461704"
"""ITALY,CANTELLO,21050""
","45.820969,8.8959612"
"""UNITED KINGDOM,BRIERLEY HILL, WEST MIDLA,DY5 1QA""
","52.4919459,-2.1218017"
"""ITALY,POZZOLENGO,25010""
","45.4036477,10.6294478"
"""GERMANY,STADTILM,99326""
","50.7753052,11.0809079"
"""BELGIUM,SINT-MICHIELS BRUGGE,8200""
","51.1858939,3.2082098"
"""FRANCE,CORBAS,69960""
","45.6707337,4.9047793"
"""GERMANY,HATTINGEN,45525""
","51.3948427,7.1860493"
"""FRANCE,BEAUTOR,2800""
","50.3952275,3.0909252"
"""SWITZERLAND,RUETHI,9464""
","47.2936044,9.5376332"
"""FRANCE,HERBLAY,95220""
","48.990006,2.165493"
"""ITALY,RIVOLTA D'ADDA,26027""
","45.4705077,9.5130213"
"""AUSTRIA,ST VALENTIN,4300""
","48.1751847,14.5254825"
"""BELGIUM,MERCHTEM,1785""
","50.9451904,4.2609401"
"""UNITED KINGDOM,TRIMDON GRANGE,TS29 6PE""
","54.7165084,-1.4293717"
"""BELGIUM,HOBOKEN,2660""
","51.1775732,4.34992"
"""UNITED KINGDOM,NORTHFLEET,DA11 8HB""
","51.4342292,0.3322903"
"Key
","39.9645575,-83.7853844"
"""GERMANY,ENGELSKIRCHEN,51766""
","50.9755735,7.4167285"
"""FRANCE,FORBACH,57604""
","49.1893595,6.9012355"
"""ITALY,SAN PROSPERO,41030""
","44.7939976,11.0239141"
"""NETHERLANDS,SCHIPOL-RIJK,1119 NT""
","52.280767,4.7615676"
"""ITALY,CRESPELLANO,40056""
","44.5143919,11.1290632"
"""ITALY,BRUINO TO,10090""
","45.0208008,7.46814"
"""ITALY,SANTA MARGHERITA D'ADIGE,35040""
","45.2142239,11.5564956"
"""NETHERLANDS,SCHIPHOL-RIJK,1119 NT""
","52.280767,4.7615676"
"""SLOVAKIA,DUBNICA NAD VAHOM,018 41""
","48.9463346,18.2177194"
"""POLAND,POZNAN,60-003""
","52.4100971,16.8395583"
"""ITALY,RIVALTA,10040""
","45.0272801,7.5107776"
"""BELGIUM,HOOGLEDE,8830""
","50.9823447,3.0764881"
"""ITALY,RIVOLI VERONESE,37010""
","45.5773839,10.8059919"
"""ITALY,FONTANINI,43010""
","45.3078384,10.0188198"
"""ITALY,PIETRACUTA DI SAN LEO,47865""
","43.9558817,12.3684824"
"""GERMANY,NIEDERNHALL,74676""
","49.2861413,9.6185358"
"""CZECH REPUBLIC,MYSLINKA,330 23""
","49.7480252,13.2190419"
"""UNITED KINGDOM,BASILDON,SS14 3BE""
","51.5814146,0.452931"
"""BELGIUM,DESTELDONK/GENT,9042""
","51.1220868,3.7825691"
"""FRANCE,ST SYMPHORIEN D OZON,69360""
","45.6386619,4.866302"
"""BELGIUM,BOOM,2850""
","51.0924256,4.3779474"
"""GERMANY,KANDEL,76870""
","49.083333,8.2"
"""UNITED KINGDOM,SCARBOROUGH,YO11 3UT""
","54.2373904,-0.4186612"
"""GERMANY,NEUNKIRCHEN,57290""
","50.78995,8.0053568"
"""CZECH REPUBLIC,ZELEZNY BROD,46822""
","50.64274,15.2540856"
"""ITALY,ARPAIA,82011""
","41.0384238,14.5531893"
"""ITALY,NOVELLARA,42017""
","44.8492956,10.7317542"
"""ITALY,VENARIA REALE,10078""
","45.1301582,7.6310474"
"""GERMANY,GARCHING,85748""
","48.2488721,11.6532477"
"""BELGIUM,DADIZELE,8890""
","50.8516407,3.0944555"
"""ITALY,CORSICO,20094""
","45.4323397,9.1092323"
"""ITALY,BRUINO,10090""
","45.0150142,7.4750529"
"""FRANCE,ANTEUIL,25340""
","47.387872,6.559563"
"""AUSTRIA,SAINT MICHAEL BEI BLEIBUR,9143""
","46.5772706,14.7521583"
"""ITALY,TORINO,10146""
","45.08048,7.6203125"
"""ITALY,VILLA CARCINA,25060""
","45.6323313,10.1939573"
"""FRANCE,VIERZON CEDEX,18102""
","47.2280454,2.2920567"
"""ITALY,LIVORNO,57121""
","43.5641466,10.3554035"
"""GERMANY,WEMDING,86650""
","48.8764566,10.7185281"
"""ITALY,CARESANABLOT,13030""
","45.3564359,8.3893666"
"""ITALY,SURBO,73010""
","40.3953273,18.1350107"
"""TURKEY,NİLÜFER/BURSA,16140""
","40.2423732,28.9470422"
"""POLAND,SOSNOWIEC,41200""
","50.2862638,19.1040791"
"""SWEDEN,LJUNGSARP,514 55""
","57.5653542,13.5835297"
"""FRANCE,CAEN,14000""
","49.1923387,-0.3796444"
"""ITALY,VOLPIANO,10088""
","45.2009438,7.7796572"
"""FRANCE,LEZIGNE,49430""
","47.63682,-0.297131"
"""ITALY,FELETTO CANAVESE,10080""
","45.3180179,7.7321284"
"""AUSTRIA,VÖCKLAMARKT,4870""
","48.0015759,13.4826581"
"""ITALY,SPARONE,10080""
","45.4113695,7.5419103"
"""UNITED KINGDOM,KIDDERMINSTER,DY10 3SD""
","52.423899,-2.2356836"
"""ITALY,REGGIO EMILIA ,42124""
","44.6989932,10.6296859"
"""FRANCE,SAINT OUEN,93400""
","48.911856,2.333764"
"""UNITED KINGDOM,BASILDON,SS14 3ES""
","51.590972,0.4918799"
"""ITALY,PORRETTA TERME,40046""
","44.1553432,10.9761849"
"""FRANCE,COEX,85200""
","46.7343336,-1.7468432"
"""CZECH REPUBLIC,MNICHOVO HRADISTE,295 01""
","50.5269291,14.9720041"
"""ITALY,LUZZARA,42045""
","44.9608583,10.6887692"
"""ITALY,BESOZZO,21023""
","45.8435928,8.6708467"
"""ITALY,VALLESE DI OPPEANO,37050""
","45.3280562,11.0817438"
"""BELGIUM,STADEN,8840""
","50.9420019,3.0231368"
"""UNITED KINGDOM,COLNE,BB8 7PP""
","53.8578303,-2.177509"
"""UNITED KINGDOM,PONTYCLUN, MID GLAMORGAN,CF72 9HG""
","51.5230019,-3.3909714"
"""SWITZERLAND,ERMENSWIL,8734""
","47.2487954,8.8909984"
"""FRANCE,ANNONAY,7100""
","45.2129899,4.3490434"
"""FRANCE,STEENBECQUE,59189""
","50.6637833,2.4635334"
"""GERMANY,WALDKARIBURG,84478""
","48.2086516,12.4016363"
"""TURKEY,BORNOVA IZMIR,35042""
","38.453555,27.197052"
"""GERMANY,GROSS-ROHRHEIM,68649""
","49.7157784,8.4725086"
"""GERMANY,RHEINE,48432""
","52.2317604,7.468862"
"""CZECH REPUBLIC,CHOCEN,565 01""
","50.0016037,16.2230307"
"""ITALY,REGGIO EMILIA,42044""
","44.8897874,10.6115031"
"""ITALY,PERUGIA,6135""
","40.9152665,14.4072761"
"""ITALY,PIOLTELLO,20096""
","45.5013851,9.3304725"
"""POLAND,PRUSZKOW,05-800""
","52.1704725,20.8118862"
"""CZECH REPUBLIC,VSELIBICE,463 48""
","50.6460501,14.95139"
"""ITALY,SAN CESARIO,41018""
","44.5621048,11.0348074"
"""BELGIUM,BEERNE,8730""
","51.1530821,3.3301125"
"""BELGIUM,AALTER,9880""
","51.0769076,3.4323446"
"""UNITED KINGDOM,ALCESTER,B49 6EH""
","52.2260363,-1.8622515"
"""ITALY,LEINÌ,10040""
","45.1797783,7.716918"
"""ITALY,MOLINELLA,40062""
","44.62269,11.6696384"
"""GERMANY,NEUBRANDENBURG,17034""
","53.5746649,13.2829207"
"""FRANCE,FRESNES ,94260""
","48.7584721,2.3279962"
"""ITALY,NICHELINO,10042""
","45.0021286,7.655573"
"""GERMANY,HASSFURT,97437""
","50.0468449,10.5165323"
"""ITALY,FUCECCHIO,50054""
","43.727867,10.806722"
"""ITALY,CORRIDONIA,62014""
","43.2502078,13.513169"
"""FRANCE,LA MOTHE ACHARD,85150""
","46.61822,-1.659175"
"""ITALY,FERENTINO,3013""
","41.8777128,12.5618481"
"""FRANCE,CHAULNES,80320""
","49.818782,2.7986749"
"""FRANCE,VEIGNE,37250""
","47.286057,0.737711"
"""ITALY,GERBOLE DI VOLVERA,10040""
","44.9830092,7.5180676"
"""GERMANY,MERKERS,36460""
","50.8572387,10.0996666"
"""ITALY,GAVARDO,25085""
","45.5848291,10.4418793"
"""FRANCE,ST-JEAN DE LA RUELLE CED,45141""
","48.8202441,-1.4647689"
"""FRANCE,GLOS,14100""
","49.121558,0.281816"
"""GERMANY,SONTRA,36205""
","51.0801415,9.9572455"
"""GERMANY,ILLERTISSEN,89257""
","48.2237887,10.1112171"
"""GERMANY,GREVENBROICH,41516""
","51.1068955,6.6294561"
"""NETHERLANDS,UTRECHT,3542 CG""
","52.1217591,5.0533213"
"""GERMANY,HOEXTER,37671""
","51.7980896,9.3510271"
"""FRANCE,CAMBRAI,59400""
","50.173538,3.236633"
"""SPAIN,GETAFE,28906""
","40.3082504,-3.7323934"
"""FRANCE,BEZONS,95870""
","48.925687,2.215847"
